,reward_ll_sum_epoch,average_ll_performance_pose,average_dones,_step,average_ll_performance_joint_target_smoothing,average_ll_performance_com,_runtime,average_ll_performance,average_ll_performance_joint_action_penalty_norm,average_ll_performance_joint_vel_smoothing,average_ll_performance_ee,average_ll_performance_vel,Iteration,_timestamp,PPO/learning_rate,PPO/surrogate,PPO/mean_noise_std,global_step,PPO/value_function
0,458.92283004866914,0.2929404046432348,0.05666,28,0.0,0.6848237403839826,106,0.9178456600973383,-0.1371692348719947,0.0,0.07725075038923357,0.0,26.0,1655320323.0,,,,,
1,405.2043555894354,0.30117203617916327,0.01206,182,0.0,0.6119504225190505,674,0.8104087111788709,-0.15106829153470694,0.0,0.04835454414155423,0.0,166.0,1655320891.0,,,,,
2,412.29945475883784,0.30725736611757426,0.01138,228,0.0,0.619382797641313,872,0.8245989095176757,-0.15310719011250884,0.0,0.05106593599835447,0.0,208.0,1655321089.0,,,,,
3,408.035525483191,0.3061537093609723,0.00958,351,0.0,0.6155013434732782,1372,0.816071050966382,-0.1555498929785192,0.0,0.04996589150713712,0.0,320.0,1655321589.0,,,,,
4,417.1057988855429,0.319054217403559,0.00696,403,0.0,0.616617464207488,1573,0.8342115977710858,-0.15132694304788485,0.0,0.049866859063420525,0.0,367.0,1655321790.0,,,,,
5,431.28742198029533,0.32823597579733005,0.00786,563,0.0,0.6302323191247784,2234,0.8625748439605907,-0.15105401877695696,0.0,0.05516056773926731,0.0,512.0,1655322451.0,,,,,
6,440.74977380719037,0.3446348527989164,0.00674,850,0.0,0.6305421428717672,3386,0.8814995476143808,-0.14820860699081792,0.0,0.05453115894939752,0.0,773.0,1655323603.0,,,,,
7,434.2777996960003,0.3464829491771851,0.00618,897,0.0,0.6189291632307881,3593,0.8685555993920006,-0.1504043055268377,0.0,0.05354779245327066,0.0,816.0,1655323810.0,,,,,
8,442.19388772098347,0.35504153480652256,0.00604,1218,0.0,0.6268563645156937,4908,0.884387775441967,-0.15117685146478937,0.0,0.05366672778923664,0.0,1108.0,1655325125.0,,,,,
9,435.19002202786504,0.35633088912885635,0.00542,1383,0.0,0.6122889524173087,5571,0.8703800440557301,-0.1483355045342818,0.0,0.05009570746446364,0.0,1258.0,1655325788.0,,,,,
10,432.0566498312447,0.35145755745915697,0.0038,2243,0.0,0.6139303731078001,9109,0.8641132996624894,-0.15154893525736407,0.0,0.05027430458057832,0.0,2040.0,1655329326.0,,,,,
11,423.59075515247883,0.3375972719807364,0.00396,2380,0.0,0.6172509192429076,9665,0.8471815103049576,-0.15745883714247494,0.0,0.04979215627009672,0.0,2164.0,1655329882.0,,,,,
12,433.76660700164734,0.36130361166608055,0.00318,2825,0.0,0.6135935906423127,11504,0.8675332140032948,-0.15527838998246937,0.0,0.047914401638875434,0.0,2569.0,1655331721.0,,,,,
13,439.69229494141416,0.36114432389468887,0.0031,2843,0.0,0.6217765248132264,11573,0.8793845898828283,-0.15178429920576514,0.0,0.04824804043488258,0.0,2585.0,1655331790.0,,,,,
14,445.3605818378553,0.3680081601394806,0.00354,2866,0.0,0.6228450340096074,11686,0.8907211636757105,-0.15154430502045899,0.0,0.05141227419591489,0.0,2606.0,1655331903.0,,,,,
15,,,,3311,,,13476,,,,,,,1655333693.3467088,0.00013954081805422902,-0.01182989589869976,0.9928827285766602,3000.0,22.058374404907227
16,447.7919057038566,0.3609995152619481,0.00382,3442,0.0,0.633750233452972,14058,0.8955838114077133,-0.15376601881846785,0.0,0.05460008189075299,0.0,3130.0,1655334275.0,,,,,
17,460.14737647898494,0.38091627768029457,0.00254,3512,0.0,0.633932522015972,14332,0.9202947529579699,-0.15105208449838683,0.0,0.056498037638202166,0.0,3193.0,1655334549.0,,,,,
18,454.6675889526494,0.3767439473848883,0.00372,3668,0.0,0.6304443433982879,14987,0.9093351779052987,-0.15308066750606522,0.0,0.055227554716930624,0.0,3335.0,1655335204.0,,,,,
19,463.57177534091284,0.381816911812732,0.00282,3681,0.0,0.638277247218825,15040,0.9271435506818257,-0.15157508721288293,0.0,0.05862447896365481,0.0,3347.0,1655335257.0,,,,,
20,459.2201208463404,0.375510965091805,0.0035,3886,0.0,0.6413556491098553,15894,0.9184402416926809,-0.15668739453554154,0.0,0.05826102223732989,0.0,3533.0,1655336111.0,,,,,
21,469.9000191035634,0.39355949214074293,0.00264,3951,0.0,0.6376539868315775,16150,0.9398000382071268,-0.15023122496221214,0.0,0.058817784198001155,0.0,3592.0,1655336367.0,,,,,
22,457.82660328894855,0.37577405364918987,0.00338,4124,0.0,0.638418997593089,16878,0.9156532065778971,-0.15653429744586347,0.0,0.05799445295185682,0.0,3750.0,1655337095.0,,,,,
23,465.379132359121,0.37874593204943463,0.0033,4287,0.0,0.6481016133580357,17541,0.930758264718242,-0.15874810851829127,0.0,0.06265882786699999,0.0,3898.0,1655337758.0,,,,,
24,,,,4686,,,19149,,,,,,,1655339366.482558,0.00013954081805422902,-0.011381739750504494,0.9911187887191772,4250.0,20.07709503173828
25,465.9161585130356,0.3788121651166491,0.00282,4854,0.0,0.6483653059630934,19896,0.9318323170260713,-0.15874248118544,0.0,0.06339732710757173,0.0,4413.0,1655340113.0,,,,,
26,468.2081419657916,0.38627700554196726,0.00222,5090,0.0,0.6410303426925815,20873,0.9364162839315832,-0.15193086083337665,0.0,0.06103979667193776,0.0,4628.0,1655341090.0,,,,,
27,469.57990051850675,0.3875071932923235,0.00136,5233,0.0,0.6433703468909138,21458,0.9391598010370136,-0.15302644344089553,0.0,0.06130870436417246,0.0,4758.0,1655341675.0,,,,,
28,459.48972838867456,0.37741802329745144,0.00232,5283,0.0,0.6382217504992406,21674,0.9189794567773492,-0.157157069345247,0.0,0.06049675238846427,0.0,4803.0,1655341891.0,,,,,
29,458.38900074936447,0.371775943121165,0.00232,5438,0.0,0.6436086638088192,22308,0.916778001498729,-0.15948606200683862,0.0,0.060879456491153075,0.0,4944.0,1655342525.0,,,,,
30,462.5874570124038,0.37633166285902264,0.00276,5636,0.0,0.6438593631099297,23130,0.9251749140248076,-0.15712099960191175,0.0,0.062104887817933094,0.0,5124.0,1655343347.0,,,,,
31,468.8393325793743,0.3856645849118568,0.00218,6235,0.0,0.6445445370913809,25609,0.9376786651587486,-0.15799896533008664,0.0,0.06546850868112811,0.0,5669.0,1655345826.0,,,,,
32,439.22217585241424,0.35762272065911443,0.00224,6528,0.0,0.6282656210587482,26826,0.8784443517048285,-0.16189799391329288,0.0,0.05445400402009368,0.0,5935.0,1655347043.0,,,,,
33,452.85955078726636,0.3664530043630116,0.00214,6597,0.0,0.6422370601429045,27100,0.9057191015745327,-0.1653540608997829,0.0,0.062383097943822165,0.0,5998.0,1655347317.0,,,,,
34,464.8771957913786,0.38431806538648905,0.00142,6629,0.0,0.64011560965918,27249,0.9297543915827572,-0.15670190398065373,0.0,0.06202262037865191,0.0,6027.0,1655347466.0,,,,,
35,456.66179856091736,0.37149666536971926,0.00138,6670,0.0,0.6439043404350419,27410,0.9133235971218348,-0.16381482835270464,0.0,0.061737419576686416,0.0,6064.0,1655347627.0,,,,,
36,451.24521835193036,0.36252574409035965,0.00182,6723,0.0,0.6429216047393158,27639,0.9024904367038608,-0.16484429869800807,0.0,0.06188738646976894,0.0,6112.0,1655347856.0,,,,,
37,456.6380915148556,0.37308692137425764,0.00188,7014,0.0,0.6424567695241351,28842,0.9132761830297113,-0.16409721631079913,0.0,0.0618297085853899,0.0,6377.0,1655349059.0,,,,,
38,452.1147609496862,0.3694798881267756,0.00162,7901,0.0,0.6385616659659892,31958,0.9042295218993723,-0.1638326801550761,0.0,0.06002064834838243,0.0,7183.0,1655352175.0,,,,,
39,462.97570640621706,0.3769869231263921,0.00112,7995,0.0,0.6477918021070584,32256,0.9259514128124341,-0.16324669675691053,0.0,0.06441938430909493,0.0,7269.0,1655352473.0,,,,,
40,465.37608185309915,0.38332315464042127,0.00136,8102,0.0,0.6439033619627915,32590,0.9307521637061983,-0.16150434694970958,0.0,0.06502999414820984,0.0,7366.0,1655352807.0,,,,,
41,466.2322401193902,0.38207723487679845,0.00164,8175,0.0,0.6478458877874911,32824,0.9324644802387804,-0.1640512673318386,0.0,0.06659262500694947,0.0,7432.0,1655353041.0,,,,,
42,454.41474134527147,0.3703487116055563,0.0014,8409,0.0,0.6406043907356449,33554,0.908829482690543,-0.16543006844678892,0.0,0.06330644898587989,0.0,7645.0,1655353771.0,,,,,
43,459.95333762634544,0.3728265456550196,0.00124,8535,0.0,0.6464434982836247,33946,0.9199066752526909,-0.16284315050242468,0.0,0.06347978172492683,0.0,7760.0,1655354163.0,,,,,
44,471.84995781851933,0.3910721643469855,0.00106,8572,0.0,0.6480476832084358,34053,0.9436999156370387,-0.1609340761925839,0.0,0.06551414436046231,0.0,7793.0,1655354270.0,,,,,
45,457.9434067250043,0.37245015021280387,0.00178,8698,0.0,0.6440536302829534,34467,0.9158868134500087,-0.16549372969515622,0.0,0.06487676268576471,0.0,7908.0,1655354684.0,,,,,
46,451.0621845604107,0.3630101280600857,0.00174,8747,0.0,0.6440820739217102,34611,0.9021243691208214,-0.16601457578109577,0.0,0.06104674297626218,0.0,7952.0,1655354828.0,,,,,
47,468.19042303818276,0.383931593028456,0.0012,9052,0.0,0.6485101945989579,35569,0.9363808460763655,-0.1619175773440674,0.0,0.06585663617498523,0.0,8230.0,1655355786.0,,,,,
48,468.28442222818734,0.3861137560633011,0.00126,9583,0.0,0.6460693783118203,37670,0.9365688444563747,-0.16427317855523899,0.0,0.06865888871052989,0.0,8712.0,1655357887.0,,,,,
49,462.4138690055907,0.3844074447538983,0.00138,9732,0.0,0.6398059048218653,38293,0.9248277380111813,-0.1641059695686493,0.0,0.06472035853340499,0.0,8848.0,1655358510.0,,,,,
50,488.973643796891,0.4045786382860318,0.00064,10141,0.0,0.6574642491297423,40019,0.9779472875937819,-0.1566900972118601,0.0,0.07259449766491059,0.0,9220.0,1655360236.0,,,,,
51,471.3237757784128,0.38611332344403493,0.00134,10209,0.0,0.6535349899827316,40289,0.9426475515568257,-0.16511334286047147,0.0,0.06811258104187845,0.0,9281.0,1655360506.0,,,,,
52,458.75993990045043,0.37239111760159954,0.00132,10907,0.0,0.6472391108159721,43269,0.9175198798009008,-0.16735158063823358,0.0,0.06524123217176851,0.0,9916.0,1655363486.0,,,,,
53,484.89310891810806,0.40289446104492993,0.00086,11295,0.0,0.6561200308666378,44901,0.9697862178362161,-0.16306029714700765,0.0,0.07383202275143849,0.0,10269.0,1655365118.0,,,,,
54,479.80104784458877,0.3934880909941159,0.00088,11679,0.0,0.6576035703637451,46538,0.9596020956891775,-0.16240824028925038,0.0,0.07091867458070238,0.0,10618.0,1655366755.0,,,,,
55,456.51839881878345,0.3697285937904427,0.00096,12053,0.0,0.647409168921262,48119,0.913036797637567,-0.170388208146058,0.0,0.06628724291301927,0.0,10958.0,1655368336.0,,,,,
56,465.782017038092,0.3792022415232658,0.001,12253,0.0,0.6533186920779943,48970,0.931564034076184,-0.16965360345615074,0.0,0.06869670400513488,0.0,11140.0,1655369187.0,,,,,
57,469.8337071160786,0.3889172011417151,0.001,12363,0.0,0.6473062447121739,49436,0.9396674142321572,-0.1650365919422917,0.0,0.06848056039759036,0.0,11240.0,1655369653.0,,,,,
58,,,,12474,,,49860,,,,,,,1655370077.7357543,9.690334991319105e-05,-0.01098296232521534,0.9915593862533569,11330.0,23.21559715270996
59,471.55352465268226,0.37975968011129646,0.00106,12546,0.0,0.6573840619909763,50218,0.9431070493053645,-0.16450678945465014,0.0,0.07047009666983528,0.0,11406.0,1655370435.0,,,,,
60,467.6702432797104,0.3811460375158861,0.001,12605,0.0,0.6510517575970292,50458,0.9353404865594208,-0.16616348981888965,0.0,0.06930618160313616,0.0,11460.0,1655370675.0,,,,,
61,478.6830143378675,0.3910397229275107,0.00108,12885,0.0,0.6607075411835313,51654,0.957366028675735,-0.16766102389160545,0.0,0.07327978840648357,0.0,11714.0,1655371871.0,,,,,
62,451.4252120449208,0.3741015151446499,0.0011,12939,0.0,0.6406873778989911,51870,0.9028504240898415,-0.17402209927801043,0.0,0.06208363030907786,0.0,11763.0,1655372087.0,,,,,
63,470.4098207741417,0.3856762667732313,0.0009,13086,0.0,0.6519815170156956,52488,0.9408196415482833,-0.16651324926454575,0.0,0.06967510729117506,0.0,11897.0,1655372705.0,,,,,
64,470.90609819782895,0.3839791524039954,0.00102,13304,0.0,0.6513607107326388,53417,0.9418121963956579,-0.16410455853087827,0.0,0.07057689206293981,0.0,12095.0,1655373634.0,,,,,
65,471.7869625126012,0.3829170295197144,0.00096,13550,0.0,0.6556957625383139,54476,0.9435739250252023,-0.1648301752538979,0.0,0.06979130812554653,0.0,12319.0,1655374693.0,,,,,
66,476.71477692800573,0.3897783741544187,0.0009,13658,0.0,0.6557994780394435,54932,0.9534295538560115,-0.16440646342612802,0.0,0.07225816503602847,0.0,12417.0,1655375149.0,,,,,
67,479.04888490159533,0.38725260463056155,0.00108,14950,0.0,0.6585378220814466,60383,0.9580977698031906,-0.16099001411985606,0.0,0.07329735715507116,0.0,13591.0,1655380600.0,,,,,
68,,,,15004,,,60578,,,,,,,1655380795.1499674,9.690334991319105e-05,-0.01136243436485529,0.9918540716171265,13630.0,20.341156005859375
69,501.5446258252114,0.41585559876792133,0.00074,15327,0.0,0.6664665001615881,61994,1.0030892516504228,-0.1586270315623656,0.0,0.07939418449831309,0.0,13934.0,1655382211.0,,,,,
70,472.450328766387,0.384531325691659,0.001,15417,0.0,0.6529902618900127,62384,0.9449006575327739,-0.16316176512770356,0.0,0.07054083506283239,0.0,14016.0,1655382601.0,,,,,
71,477.62403842687604,0.38673364976221697,0.00046,15753,0.0,0.6603575248494744,63802,0.9552480768537521,-0.16432070548173972,0.0,0.07247760781098354,0.0,14321.0,1655384019.0,,,,,
72,480.5795242445357,0.39699796948792415,0.00082,15767,0.0,0.6557707467985525,63860,0.9611590484890714,-0.1648271375784278,0.0,0.07321746993730777,0.0,14334.0,1655384077.0,,,,,
73,490.36698566008357,0.4055847539733443,0.00072,15899,0.0,0.6591963657971099,64415,0.9807339713201672,-0.15884587417812088,0.0,0.07479872621120735,0.0,14454.0,1655384632.0,,,,,
74,491.60591068802404,0.40303269117522983,0.00086,16152,0.0,0.6608510772001743,65482,0.983211821376048,-0.1566320381800644,0.0,0.07596009162601278,0.0,14684.0,1655385699.0,,,,,
75,463.57853250958027,0.3731730098132603,0.00108,16198,0.0,0.6525397294186056,65692,0.9271570650191605,-0.1679948608313501,0.0,0.06943918677936925,0.0,14726.0,1655385909.0,,,,,
76,489.12663929300385,0.39901328735034913,0.00096,16263,0.0,0.6599603702397645,65954,0.9782532785860076,-0.15662890752378852,0.0,0.075908528726055,0.0,14785.0,1655386171.0,,,,,
77,473.60644052773716,0.3837384049446881,0.00102,16288,0.0,0.6542567680680565,66077,0.9472128810554743,-0.16188441049251706,0.0,0.07110211850709126,0.0,14808.0,1655386294.0,,,,,
78,487.70144008381294,0.3948460512273572,0.00092,16315,0.0,0.6611992209339141,66184,0.9754028801676259,-0.1553672806090489,0.0,0.07472488856036257,0.0,14832.0,1655386401.0,,,,,
79,485.0620648880862,0.3957977296372503,0.00076,16350,0.0,0.6556842027202249,66326,0.9701241297761724,-0.1541745373152569,0.0,0.07281673488037187,0.0,14864.0,1655386543.0,,,,,
80,483.4800456480123,0.3947436647753045,0.00086,16465,0.0,0.6570539052407816,66816,0.9669600912960247,-0.157804665456526,0.0,0.07296718668804872,0.0,14969.0,1655387033.0,,,,,
81,491.86110334839674,0.40350146240686996,0.00066,16567,0.0,0.660986385968104,67246,0.9837222066967934,-0.15589916325684636,0.0,0.07513352150341727,0.0,15061.0,1655387463.0,,,,,
82,475.6955500088632,0.38534160271873696,0.00104,16635,0.0,0.6533428895063699,67543,0.9513911000177264,-0.15838432848405093,0.0,0.0710909367524853,0.0,15123.0,1655387760.0,,,,,
83,485.2354994845204,0.39389407205836846,0.00086,16734,0.0,0.663225977858007,67961,0.9704709989690408,-0.1625443893103674,0.0,0.0758953384024689,0.0,15213.0,1655388178.0,,,,,
84,486.0102645030431,0.3953093650255073,0.00094,16897,0.0,0.6612115371930599,68638,0.9720205290060863,-0.15966333176231012,0.0,0.07516295889284001,0.0,15361.0,1655388855.0,,,,,
85,485.77020099304616,0.3956566419034032,0.00078,16909,0.0,0.6587060659937933,68687,0.9715404019860924,-0.15753151350971312,0.0,0.07470920766509243,0.0,15372.0,1655388904.0,,,,,
86,483.2929178190604,0.3942079059825931,0.00108,17351,0.0,0.6605537479410242,70561,0.9665858356381207,-0.16292779659211637,0.0,0.07475197857659577,0.0,15774.0,1655390778.0,,,,,
87,488.61775778284294,0.39717612981357614,0.00106,17447,0.0,0.6602543453007936,70970,0.9772355155656859,-0.15703187811950223,0.0,0.07683691837087452,0.0,15861.0,1655391187.0,,,,,
88,485.37120868834666,0.3940229533861764,0.00074,18274,0.0,0.660763951561153,74490,0.9707424173766933,-0.15962210252998396,0.0,0.07557761520538199,0.0,16613.0,1655394707.0,,,,,
89,486.7966543128714,0.3980235949065629,0.00088,18470,0.0,0.6586636299056141,75302,0.9735933086257428,-0.15711173322705552,0.0,0.07401781714247532,0.0,16791.0,1655395519.0,,,,,
90,481.99313717970625,0.3931315798780881,0.00106,19066,0.0,0.6580392323935031,77839,0.9639862743594125,-0.15991452654751018,0.0,0.07272998857179534,0.0,17333.0,1655398056.0,,,,,
91,495.67886109277606,0.41187512935139237,0.00064,19094,0.0,0.6617806952119618,77954,0.9913577221855521,-0.15946155186729505,0.0,0.07716344985550407,0.0,17359.0,1655398171.0,,,,,
92,481.0058103267662,0.3917214821377024,0.00076,19300,0.0,0.6554101385375858,78829,0.9620116206535324,-0.15895067940741778,0.0,0.0738306794437902,0.0,17546.0,1655399046.0,,,,,
93,,,,19448,,,79403,,,,,,,1655399620.8998787,0.00020093878265470266,-0.013827439397573471,0.990692138671875,17670.0,26.263599395751953
94,491.96990148633716,0.4016457690527197,0.00076,19494,0.0,0.6615353602920473,79606,0.9839398029726744,-0.15759362867705523,0.0,0.07835230235761785,0.0,17722.0,1655399823.0,,,,,
95,477.33678661227225,0.38670759241821245,0.00088,19496,0.0,0.657576899510622,79613,0.9546735732245445,-0.16295825613833964,0.0,0.07334733714732337,0.0,17724.0,1655399830.0,,,,,
96,490.0301592442021,0.40288531678481027,0.00062,19728,0.0,0.6588838406193629,80576,0.9800603184884041,-0.1578332242101431,0.0,0.07612438534308875,0.0,17935.0,1655400793.0,,,,,
97,492.3695412300713,0.40303609187155964,0.0009,19788,0.0,0.6644425250405073,80817,0.9847390824601426,-0.1610392462161556,0.0,0.07829971174749573,0.0,17990.0,1655401034.0,,,,,
98,485.0794411980733,0.39732875912858173,0.0008,19904,0.0,0.6562507847677171,81304,0.9701588823961467,-0.15714898350099102,0.0,0.07372832221282752,0.0,18095.0,1655401521.0,,,,,
99,471.71945884700864,0.3816056998705864,0.00076,20348,0.0,0.6562746522279457,83179,0.9434389176940173,-0.16609042845571415,0.0,0.07164899413666635,0.0,18499.0,1655403396.0,,,,,
100,498.18254542075096,0.4110396921570972,0.00064,20940,0.0,0.6609894309574366,85691,0.9963650908415019,-0.15396279303278773,0.0,0.0782987607880205,0.0,19037.0,1655405908.0,,,,,
101,500.2493829135876,0.41435132130665703,0.00052,21303,0.0,0.6619094881808758,87216,1.0004987658271753,-0.15275264552714304,0.0,0.07699060199729064,0.0,19367.0,1655407433.0,,,,,
102,485.6786910872161,0.3970766881121695,0.00058,21750,0.0,0.6584411922791041,89098,0.9713573821744322,-0.15946840018466116,0.0,0.0753079021799856,0.0,19773.0,1655409315.0,,,,,
103,488.6215613352321,0.40020910325698555,0.00082,21772,0.0,0.658770743926242,89189,0.9772431226704642,-0.15704246062662452,0.0,0.07530573614309057,0.0,19793.0,1655409406.0,,,,,
104,501.6173340119049,0.41529033579664304,0.00038,21830,0.0,0.6641377634404599,89445,1.0032346680238098,-0.15512861438238992,0.0,0.07893518310167374,0.0,19846.0,1655409662.0,,,,,
105,494.1088058582507,0.40440204448329287,0.0005,22161,0.0,0.6634924382303655,90849,0.9882176117165015,-0.1578054741067812,0.0,0.07812860311252788,0.0,20147.0,1655411066.0,,,,,
106,486.1363376345299,0.3936294293664396,0.00064,22163,0.0,0.6628580443968252,90858,0.9722726752690598,-0.16034401277558877,0.0,0.07612921440440149,0.0,20149.0,1655411075.0,,,,,
107,493.2890185570717,0.40648388042725625,0.00054,22235,0.0,0.6613222768166661,91167,0.9865780371141434,-0.16013351053306832,0.0,0.07890539065024203,0.0,20214.0,1655411384.0,,,,,
108,503.86157106827943,0.4173613572938554,0.00066,22751,0.0,0.6661230918723344,93337,1.007723142136559,-0.1565572800867632,0.0,0.08079597293971688,0.0,20683.0,1655413554.0,,,,,
109,490.5432592409104,0.4066134541549161,0.00048,22871,0.0,0.6588926672568731,93842,0.9810865184818208,-0.160485835485328,0.0,0.0760662326075076,0.0,20792.0,1655414059.0,,,,,
110,502.68447365788745,0.4131093920969963,0.00044,23488,0.0,0.6657976448874176,96459,1.0053689473157748,-0.15364816840928047,0.0,0.08011007872177102,0.0,21353.0,1655416676.0,,,,,
111,496.5716016548127,0.40455219440847634,0.00058,23489,0.0,0.6631265438017249,96463,0.9931432033096254,-0.15281867241175845,0.0,0.07828313776221153,0.0,21354.0,1655416680.0,,,,,
112,489.37430117245765,0.40056162891052666,0.00052,23536,0.0,0.6624349040329456,96655,0.9787486023449152,-0.16049864383025095,0.0,0.07625071339652648,0.0,21397.0,1655416872.0,,,,,
113,,,,23870,,,98023,,,,,,,1655418240.964797,0.00020093878265470266,-0.012539657764136791,0.9902679324150085,21690.0,25.4239559173584
114,482.795986259561,0.3856671014666744,0.00076,24194,0.0,0.6646305749995634,99435,0.9655919725191221,-0.16163062505846842,0.0,0.07692492128048294,0.0,21995.0,1655419652.0,,,,,
115,498.567519029472,0.40745764305016025,0.00066,24622,0.0,0.6646989867988229,101249,0.9971350380589441,-0.15342788535304366,0.0,0.07840629348575566,0.0,22384.0,1655421466.0,,,,,
116,496.99620654460045,0.40813939105514435,0.00052,24754,0.0,0.661733063556198,101824,0.9939924130892008,-0.15532233346799387,0.0,0.07944229223849501,0.0,22504.0,1655422041.0,,,,,
117,505.1124422227964,0.4162262516766414,0.00052,25391,0.0,0.6677008185162675,104505,1.0102248844455928,-0.15498536408970132,0.0,0.08128317853747993,0.0,23083.0,1655424722.0,,,,,
118,491.3852996872738,0.40250768496148287,0.00044,25497,0.0,0.6643964706763625,104956,0.9827705993745476,-0.16196573541395365,0.0,0.07783217916680131,0.0,23180.0,1655425173.0,,,,,
119,486.1191615356691,0.4005721835306846,0.00058,25541,0.0,0.6606560256025195,105153,0.9722383230713383,-0.16279141699550673,0.0,0.07380153114895788,0.0,23220.0,1655425370.0,,,,,
120,488.82261890206485,0.40254772847568615,0.00042,25615,0.0,0.6597427821351588,105450,0.9776452378041297,-0.15820492825845256,0.0,0.07355965592391053,0.0,23287.0,1655425667.0,,,,,
121,505.49161781452597,0.41195522084925323,0.00052,25709,0.0,0.6702005447341501,105846,1.010983235629052,-0.15406980948502197,0.0,0.08289727990293747,0.0,23372.0,1655426063.0,,,,,
122,499.12709704389795,0.4093552696656808,0.00064,26088,0.0,0.666769296888113,107460,0.9982541940877959,-0.15775940809881314,0.0,0.07988903583890851,0.0,23717.0,1655427677.0,,,,,
123,509.6370255867392,0.42012476457804443,0.0003,26714,0.0,0.6693606416851282,110099,1.0192740511734784,-0.15372881581656636,0.0,0.08351746071962507,0.0,24286.0,1655430316.0,,,,,
124,489.47934273269027,0.3960032908821106,0.00054,26863,0.0,0.6658658859956265,110743,0.9789586854653806,-0.16069790859131142,0.0,0.07778741716317902,0.0,24421.0,1655430960.0,,,,,
125,505.5664207027014,0.4192915574157238,0.00036,27200,0.0,0.6656594636374712,112176,1.0111328414054028,-0.1551441283635609,0.0,0.08132594896537002,0.0,24728.0,1655432393.0,,,,,
126,499.6378187662363,0.41273700952997433,0.0006,27579,0.0,0.6624736671680213,113774,0.9992756375324726,-0.1542825824229978,0.0,0.07834754322608829,0.0,25072.0,1655433991.0,,,,,
127,495.8216187636927,0.403112208764255,0.0006,28203,0.0,0.6645195584356784,116433,0.9916432375273854,-0.1554317190400511,0.0,0.07944318936833335,0.0,25640.0,1655436650.0,,,,,
128,489.1857353056967,0.40072126262559554,0.00034,28282,0.0,0.6599779876756668,116772,0.9783714706113934,-0.15863878599366174,0.0,0.07631100662526491,0.0,25711.0,1655436989.0,,,,,
129,494.30555727835747,0.397720341285672,0.00058,28577,0.0,0.6678837746375799,118012,0.9886111145567149,-0.15663528829362244,0.0,0.07964228681573932,0.0,25980.0,1655438229.0,,,,,
130,500.66518107619135,0.41025126827120784,0.00052,28768,0.0,0.6657583864597976,118825,1.0013303621523828,-0.15639608425352722,0.0,0.08171679162138819,0.0,26153.0,1655439042.0,,,,,
131,,,,29172,,,120500,,,,,,,1655440717.86819,0.00034722223062999547,-0.01279539242386818,0.9908199310302734,26510.0,24.151424407958984
132,506.1855635148659,0.4178358396307379,0.00046,29611,0.0,0.6689983824232221,122418,1.012371127029732,-0.1570428740142938,0.0,0.08257977919069892,0.0,26920.0,1655442635.0,,,,,
133,499.07954862535,0.4083341813416593,0.00044,29857,0.0,0.6679968377101422,123455,0.9981590972507,-0.1600840709207207,0.0,0.08191214941354269,0.0,27143.0,1655443672.0,,,,,
134,482.96726941987873,0.3906693707028404,0.00052,30024,0.0,0.6629198276215792,124148,0.9659345388397574,-0.16255496845677495,0.0,0.07490030889215028,0.0,27295.0,1655444365.0,,,,,
135,513.0974959618599,0.4252458877397887,0.00032,30053,0.0,0.6709858101612329,124285,1.0261949919237197,-0.15408411878358572,0.0,0.0840474132137655,0.0,27321.0,1655444502.0,,,,,
136,495.4626169061661,0.40303901726439595,0.00056,30119,0.0,0.668786527172327,124554,0.9909252338123321,-0.16174947089515626,0.0,0.0808491605032634,0.0,27381.0,1655444771.0,,,,,
137,515.9523160617798,0.42508240304103123,0.00034,30200,0.0,0.6715596372614056,124907,1.0319046321235597,-0.14981286322296597,0.0,0.08507545470433638,0.0,27455.0,1655445124.0,,,,,
138,497.9056646971032,0.4064577574883215,0.00056,30208,0.0,0.6672091473597288,124938,0.9958113293942064,-0.15790309900071473,0.0,0.08004752370658108,0.0,27462.0,1655445155.0,,,,,
139,510.6861301909387,0.4228125061605684,0.00038,30894,0.0,0.6702020804134756,127848,1.0213722603818773,-0.15613913759376855,0.0,0.08449681122357901,0.0,28086.0,1655448065.0,,,,,
140,505.1443143428862,0.4173481232292764,0.00034,31018,0.0,0.6673971920219064,128371,1.0102886286857724,-0.15652572670804338,0.0,0.08206904005385,0.0,28199.0,1655448588.0,,,,,
141,489.21338058907537,0.3936600028624386,0.0005,31027,0.0,0.6669055880650878,128428,0.9784267611781508,-0.16060624934178777,0.0,0.07846741974370348,0.0,28207.0,1655448645.0,,,,,
142,,,,31416,,,130017,,,,,,,1655450234.4101706,0.0002411265450064093,-0.01195439137518406,0.9898101687431335,28550.0,24.089488983154297
143,498.8726164628193,0.40834101154822855,0.00076,31657,0.0,0.6666590924212337,131080,0.9977452329256385,-0.1578325425596535,0.0,0.08057767186896903,0.0,28780.0,1655451297.0,,,,,
144,499.7642318680603,0.40982445883154867,0.00048,32070,0.0,0.6664652269089222,132840,0.9995284637361206,-0.15849726708633824,0.0,0.08173604521993805,0.0,29155.0,1655453057.0,,,,,
145,500.3323391997442,0.40566940366879106,0.00054,32157,0.0,0.6710419207417965,133214,1.0006646783994884,-0.15616519041309132,0.0,0.08011854465661883,0.0,29234.0,1655453431.0,,,,,
146,510.3696279360727,0.42046519028592855,0.00032,32825,0.0,0.6700237437981367,136041,1.0207392558721453,-0.15326303318878637,0.0,0.0835133551965331,0.0,29841.0,1655456258.0,,,,,
147,501.04603335302323,0.411940546081122,0.00032,32903,0.0,0.667809901022911,136379,1.0020920667060464,-0.15795107372768225,0.0,0.08029269345655562,0.0,29912.0,1655456596.0,,,,,
148,516.64395770628,0.4308781877709925,0.00028,33664,0.0,0.6714381911703944,139605,1.03328791541256,-0.15375980064569042,0.0,0.08473133731596202,0.0,30604.0,1655459822.0,,,,,
149,,,,33957,,,140784,,,,,,,1655461001.989536,0.00028935185400769114,-0.012124069035053253,0.9898552298545837,30860.0,18.033544540405273
150,512.1127479451523,0.42162446398247033,0.0005,34179,0.0,0.6719772745317221,141774,1.0242254958903045,-0.15413601002465935,0.0,0.08475976773636786,0.0,31072.0,1655461991.0,,,,,
151,516.2917289959453,0.42654950916988776,0.00034,34476,0.0,0.672978241917491,143040,1.0325834579918907,-0.15238572278087958,0.0,0.08544142984129134,0.0,31342.0,1655463257.0,,,,,
152,514.1550406397506,0.42595213960304856,0.00022,34533,0.0,0.6704351766610146,143272,1.0283100812795014,-0.1531716230370663,0.0,0.08509438836352844,0.0,31394.0,1655463489.0,,,,,
153,499.04489472426474,0.40537431790674106,0.00026,34546,0.0,0.6673724075862766,143347,0.9980897894485294,-0.1556100992899947,0.0,0.08095316340303128,0.0,31406.0,1655463564.0,,,,,
154,496.6753332078643,0.405182417525053,0.00036,34690,0.0,0.6664886901992559,143952,0.9933506664157287,-0.15850013959800824,0.0,0.08017969823960579,0.0,31537.0,1655464169.0,,,,,
155,488.84828145537523,0.3939496219692938,0.00038,34939,0.0,0.6661919945660234,145001,0.9776965629107505,-0.1598720380404964,0.0,0.07742698428966453,0.0,31763.0,1655465218.0,,,,,
156,513.7163315421343,0.4254307664422132,0.00028,34970,0.0,0.670700043694973,145126,1.0274326630842685,-0.15343487931577487,0.0,0.08473673229744885,0.0,31791.0,1655465343.0,,,,,
157,509.08352419624106,0.42054994137674573,0.00046,35171,0.0,0.6722578356480599,145983,1.018167048392482,-0.15884509851064532,0.0,0.08420436969848025,0.0,31974.0,1655466200.0,,,,,
158,517.6972154524923,0.4295580647603795,0.00042,35506,0.0,0.6723835908257961,147403,1.0353944309049845,-0.15338710574613884,0.0,0.08683988126107722,0.0,32279.0,1655467620.0,,,,,
159,516.5233731660619,0.42734846343288196,0.0004,35533,0.0,0.6712528133106231,147532,1.0330467463321238,-0.15064542843058706,0.0,0.08509089826175657,0.0,32303.0,1655467749.0,,,,,
160,518.4674700212851,0.4293340197154693,0.00034,35535,0.0,0.6719666090029478,147541,1.0369349400425703,-0.15069727413807996,0.0,0.08633158540325638,0.0,32305.0,1655467758.0,,,,,
161,,,,35607,,,147785,,,,,,,1655468002.6969895,0.00020093878265470266,-0.013370353728532791,0.9874943494796753,32360.0,21.844207763671875
162,512.1870136680081,0.4161763416328467,0.0004,35748,0.0,0.6745865641674399,148423,1.0243740273360162,-0.15250682492537423,0.0,0.08611794636928573,0.0,32499.0,1655468640.0,,,,,
163,521.1722308534384,0.4333099740033597,0.00022,35821,0.0,0.6724285582092404,148738,1.0423444617068767,-0.15093467516876757,0.0,0.08754060464830747,0.0,32565.0,1655468955.0,,,,,
164,501.58917899444697,0.40951974022112786,0.00054,35840,0.0,0.669664528414607,148815,1.003178357988894,-0.15858444917807354,0.0,0.08257853894695175,0.0,32582.0,1655469032.0,,,,,
165,501.2334104714729,0.4119024971460551,0.0004,36694,0.0,0.667332645993568,152442,1.0024668209429457,-0.1586514115601778,0.0,0.08188308944669737,0.0,33359.0,1655472659.0,,,,,
166,504.06301466440783,0.40975838766766715,0.00044,37027,0.0,0.6693991758912802,153845,1.0081260293288157,-0.15309042159657926,0.0,0.08205888747184358,0.0,33661.0,1655474062.0,,,,,
167,513.9395997800119,0.4255682629328407,0.00034,37319,0.0,0.6712865543708205,155093,1.0278791995600238,-0.15434288927093148,0.0,0.08536727155461253,0.0,33927.0,1655475310.0,,,,,
168,511.2365517825261,0.421523690995276,0.00038,37571,0.0,0.6719988424500823,156155,1.022473103565052,-0.1560187697621621,0.0,0.08496934010466811,0.0,34156.0,1655476372.0,,,,,
169,504.93294105086477,0.4134755097822845,0.00058,37577,0.0,0.6699949457147717,156178,1.0098658821017295,-0.157147807256151,0.0,0.08354323405523652,0.0,34161.0,1655476395.0,,,,,
170,525.1811873941682,0.43585865459136663,0.00032,37613,0.0,0.6749187922273576,156325,1.0503623747883364,-0.1515339078622684,0.0,0.09111883548876011,0.0,34194.0,1655476542.0,,,,,
171,513.2129882702231,0.42451155374474825,0.00034,37729,0.0,0.6722940321588516,156837,1.0264259765404462,-0.15511641327593476,0.0,0.08473680416068388,0.0,34300.0,1655477054.0,,,,,
172,,,,37763,,,156926,,,,,,,1655477143.9160345,0.0002411265450064093,-0.010849417187273502,0.988878607749939,34320.0,18.64830780029297
173,519.2076216163858,0.42959074920307844,0.00028,37924,0.0,0.6734939272591471,157646,1.0384152432327718,-0.15192044130666182,0.0,0.08725100798825913,0.0,34477.0,1655477863.0,,,,,
174,505.48759619075804,0.415439305973351,0.00036,37991,0.0,0.6702106597435474,157940,1.010975192381516,-0.1576604912305437,0.0,0.08298571787743926,0.0,34538.0,1655478157.0,,,,,
175,507.7275650108233,0.4184624327502772,0.00048,38021,0.0,0.6705666240781546,158059,1.0154551300216466,-0.15703872633332386,0.0,0.08346479997393678,0.0,34565.0,1655478276.0,,,,,
176,505.04150759426875,0.4128650184126757,0.0004,38128,0.0,0.6704957172068954,158509,1.0100830151885376,-0.15738075675498694,0.0,0.08410303624394119,0.0,34662.0,1655478726.0,,,,,
177,508.43304769327864,0.41496047193394975,0.0004,39286,0.0,0.6718296071535349,163425,1.0168660953865574,-0.1539421267647855,0.0,0.08401814315192085,0.0,35715.0,1655483642.0,,,,,
178,502.1174259318039,0.40503330292727796,0.00034,39419,0.0,0.6739102929300069,163984,1.0042348518636077,-0.15775354914659634,0.0,0.08304480531974777,0.0,35836.0,1655484201.0,,,,,
179,497.66862098768354,0.40531949301995335,0.00028,39431,0.0,0.6661707670366764,164033,0.9953372419753671,-0.15692163815737703,0.0,0.08076862007457067,0.0,35847.0,1655484250.0,,,,,
180,516.3665099332109,0.42754811226291584,0.00032,39855,0.0,0.671800893844366,165826,1.0327330198664217,-0.1521101332407072,0.0,0.08549414690793047,0.0,36232.0,1655486043.0,,,,,
181,511.83037809044123,0.42362651349101216,0.0004,40608,0.0,0.6709374098737538,169021,1.0236607561808824,-0.15495364739280193,0.0,0.08405048025717225,0.0,36917.0,1655489238.0,,,,,
182,520.4440461595357,0.43223263205487283,0.00034,40611,0.0,0.6725585176026821,169035,1.0408880923190713,-0.15202105303622782,0.0,0.08811799608429062,0.0,36920.0,1655489252.0,,,,,
183,518.8762987313978,0.42921276327196506,0.00036,40737,0.0,0.6733366843600571,169565,1.0377525974627957,-0.15195501404026523,0.0,0.08715816402574618,0.0,37034.0,1655489782.0,,,,,
184,526.5325506256893,0.43675827179085464,0.00012,40961,0.0,0.6757898897385597,170521,1.0530651012513788,-0.1484628935265355,0.0,0.08897983330943461,0.0,37238.0,1655490738.0,,,,,
185,510.3749799136445,0.4203947717401758,0.00036,41355,0.0,0.6717423998465389,172181,1.0207499598272889,-0.15615640007423237,0.0,0.08476918848789618,0.0,37596.0,1655492398.0,,,,,
186,525.1902418367192,0.43302096036273985,0.00032,41498,0.0,0.6770586179298163,172801,1.0503804836734385,-0.14990566834276542,0.0,0.09020657403772682,0.0,37726.0,1655493018.0,,,,,
187,515.9919998457283,0.4246838475818932,0.00018,41669,0.0,0.6747045622998477,173513,1.0319839996914566,-0.1546005313226208,0.0,0.08719612108580516,0.0,37881.0,1655493730.0,,,,,
188,507.93887403063474,0.41400627053719014,0.00012,42386,0.0,0.672693836375773,176566,1.0158777480612695,-0.15534830783839337,0.0,0.08452594922021268,0.0,38533.0,1655496783.0,,,,,
189,525.2160244629159,0.4337225585108437,0.00042,43546,0.0,0.6757070569521189,181478,1.0504320489258319,-0.14771244076007978,0.0,0.08871487424262955,0.0,39588.0,1655501695.0,,,,,
190,508.5737801058963,0.41412295594189313,0.00034,43564,0.0,0.6714052060335874,181569,1.0171475602117925,-0.15182633072694762,0.0,0.08344572897023046,0.0,39604.0,1655501786.0,,,,,
191,516.2430135092139,0.4270065472503752,0.00024,43666,0.0,0.6731735625314712,181984,1.032486027018428,-0.1539265744975023,0.0,0.08623249157187847,0.0,39697.0,1655502201.0,,,,,
192,510.2658482546173,0.4189014285462722,0.0004,43783,0.0,0.6710333852866291,182498,1.0205316965092346,-0.1536744760083966,0.0,0.08427135902720903,0.0,39803.0,1655502715.0,,,,,
193,517.0069247991964,0.4300811284900829,0.00022,43907,0.0,0.6725650759202242,183023,1.0340138495983928,-0.1562201545491442,0.0,0.0875878001525338,0.0,39916.0,1655503240.0,,,,,
194,524.8727022153885,0.43446884412955494,0.00024,43944,0.0,0.6750286481329799,183174,1.0497454044307768,-0.1481292791739665,0.0,0.08837719147743119,0.0,39950.0,1655503391.0,,,,,
195,516.8302644070052,0.42786633008405567,0.0003,44309,0.0,0.6721959199175238,184709,1.0336605288140104,-0.15223877549638973,0.0,0.08583705428694899,0.0,40281.0,1655504926.0,,,,,
196,514.8440735853277,0.425258269270435,0.00032,44434,0.0,0.6734160525131225,185158,1.0296881471706554,-0.154811141113434,0.0,0.08582496649518655,0.0,40395.0,1655505375.0,,,,,
197,522.6136509608664,0.43075873007517307,0.00026,44491,0.0,0.676155673609674,185291,1.0452273019217326,-0.15119008695000782,0.0,0.08950298543263513,0.0,40447.0,1655505508.0,,,,,
198,513.488608179614,0.4235423536606878,0.00032,44580,0.0,0.6702510335870087,185500,1.026977216359228,-0.15254948732513934,0.0,0.08573331623244887,0.0,40528.0,1655505717.0,,,,,
199,522.9291957718879,0.43233388301052156,0.00022,44724,0.0,0.6754648770892621,185943,1.0458583915437758,-0.15118149113926105,0.0,0.08924112214799995,0.0,40659.0,1655506160.0,,,,,
200,502.0691705718823,0.405660049129501,0.0003,44973,0.0,0.6713337654954195,186713,1.0041383411437645,-0.15526182705502958,0.0,0.0824063536687721,0.0,40885.0,1655506930.0,,,,,
201,513.5385471111535,0.42153793219424784,0.00022,45129,0.0,0.6733010374552012,187209,1.0270770942223073,-0.15415179377764462,0.0,0.08638991835828475,0.0,41027.0,1655507426.0,,,,,
202,509.8810825425014,0.41933534735750405,0.00028,45141,0.0,0.6715309695082903,187244,1.0197621650850028,-0.15590721526652573,0.0,0.08480306340101104,0.0,41038.0,1655507461.0,,,,,
203,508.94080688003453,0.41894572965508325,0.00034,45313,0.0,0.6717567163082957,187768,1.017881613760069,-0.1570912988846749,0.0,0.0842704665367933,0.0,41194.0,1655507985.0,,,,,
204,529.6632047643512,0.4392771642903611,0.0002,45380,0.0,0.677089586058259,187983,1.0593264095287025,-0.14764008707966655,0.0,0.09059974643451604,0.0,41255.0,1655508200.0,,,,,
205,520.2799911180139,0.43332626852564515,0.0003,45531,0.0,0.6749688333958387,188446,1.0405599822360276,-0.15628463176712393,0.0,0.08854951221258375,0.0,41392.0,1655508663.0,,,,,
206,517.696715207696,0.4280482880344801,0.00026,46020,0.0,0.6739683411699533,189977,1.035393430415392,-0.1541600978377834,0.0,0.08753689914202001,0.0,41837.0,1655510194.0,,,,,
207,510.6261148563772,0.41825457332647403,0.00024,46151,0.0,0.6738651319685578,190382,1.0212522297127544,-0.15548800069155172,0.0,0.08462052470917203,0.0,41956.0,1655510599.0,,,,,
208,519.2598931407556,0.42606690618416293,0.00036,46322,0.0,0.6776927089577913,190921,1.0385197862815112,-0.15416614375554025,0.0,0.08892631475427544,0.0,42111.0,1655511138.0,,,,,
209,,,,46387,,,191078,,,,,,,1655511295.449123,0.00028935185400769114,-0.011694354936480522,0.9874595403671265,42160.0,16.389829635620117
210,512.3167111644149,0.41735514440461996,0.00038,46982,0.0,0.6756356843745709,192975,1.0246334223288298,-0.15490372871046887,0.0,0.08654632201382148,0.0,42711.0,1655513192.0,,,,,
211,524.023059534803,0.43517880638618023,0.00016,47035,0.0,0.6745596482303738,193133,1.048046119069606,-0.152075144917164,0.0,0.09038280912089702,0.0,42760.0,1655513350.0,,,,,
212,499.25226461946966,0.40455114946559073,0.00044,47145,0.0,0.6707597669529914,193476,0.9985045292389393,-0.1591683855047077,0.0,0.08236199839230433,0.0,42860.0,1655513693.0,,,,,
213,526.2213582585193,0.43744438339915126,0.00036,47325,0.0,0.6772249823701382,194041,1.0524427165170387,-0.1536550409067422,0.0,0.09142839152374069,0.0,43023.0,1655514258.0,,,,,
214,533.1972058496997,0.45021298381127417,0.00014,47435,0.0,0.6760486790806055,194383,1.0663944116993993,-0.15095947199258952,0.0,0.09109222092929872,0.0,43123.0,1655514600.0,,,,,
215,518.5389315246045,0.4305723501088284,0.0003,47452,0.0,0.672733205305934,194434,1.037077863049209,-0.1548522568017058,0.0,0.0886245642960576,0.0,43139.0,1655514651.0,,,,,
216,517.6695782811939,0.4278530943886004,0.00034,47496,0.0,0.6742607512170077,194562,1.035339156562388,-0.15317495620423927,0.0,0.08640026716654438,0.0,43179.0,1655514779.0,,,,,
217,513.2764968096093,0.42202697641538456,0.0003,47783,0.0,0.6736479552415013,195463,1.0265529936192184,-0.15632669275144115,0.0,0.08720475492538436,0.0,43440.0,1655515680.0,,,,,
218,526.5851434192434,0.4384057925193012,0.00028,48726,0.0,0.674798742633462,198373,1.0531702868384867,-0.1502813168518059,0.0,0.09024706877633114,0.0,44297.0,1655518590.0,,,,,
219,518.1753767302259,0.4266199382324517,0.00016,49656,0.0,0.6756299442011118,201267,1.036350753460452,-0.15409871891124174,0.0,0.08819959012642099,0.0,45142.0,1655521484.0,,,,,
220,525.0330264563113,0.43274653168797494,0.00034,49700,0.0,0.6771510659381748,201395,1.0500660529126227,-0.1501083889026381,0.0,0.09027684441314983,0.0,45182.0,1655521612.0,,,,,
221,522.070400901027,0.4324468605050072,0.0003,49717,0.0,0.6741094344684482,201447,1.0441408018020542,-0.15100417118625714,0.0,0.0885886782955558,0.0,45198.0,1655521664.0,,,,,
222,536.357476917468,0.44779323142226785,0.00012,49726,0.0,0.6792473092681169,201493,1.072714953834936,-0.14798964369665832,0.0,0.0936640566121984,0.0,45206.0,1655521710.0,,,,,
223,509.8858779010177,0.4168522938677296,0.0002,49763,0.0,0.6710586507582664,201602,1.0197717558020354,-0.15341290487967432,0.0,0.0852737160266907,0.0,45240.0,1655521819.0,,,,,
224,531.7991103665158,0.44583679832296447,0.00014,49846,0.0,0.6764173584833741,201861,1.0635982207330317,-0.15009242623239755,0.0,0.09143649036250137,0.0,45315.0,1655522078.0,,,,,
225,,,,49885,,,201941,,,,,,,1655522158.9738426,0.0002411265450064093,-0.00926721841096878,0.9883164167404175,45340.0,14.773417472839355
226,526.4203366556391,0.42971108863152563,8e-05,50740,0.0,0.6797285513728857,204631,1.0528406733112783,-0.14917061553740874,0.0,0.09257164870082557,0.0,46128.0,1655524848.0,,,,,
227,,,,51370,,,206535,,,,,,,1655526752.7820265,0.00020093878265470266,-0.009581184014678001,0.9868134260177612,46690.0,13.276244163513184
228,513.1717442787811,0.423324439698495,0.00024,51606,0.0,0.6723556039398909,207316,1.0263434885575622,-0.1545608317928016,0.0,0.08522427661090028,0.0,46915.0,1655527533.0,,,,,
229,529.8947231262922,0.4391760692923516,0.00014,52040,0.0,0.6774346543218196,208666,1.0597894462525845,-0.14916555718716235,0.0,0.09234427949763813,0.0,47310.0,1655528883.0,,,,,
230,527.1340146508813,0.4335613790794462,0.0003,52454,0.0,0.6779587003991008,209935,1.0542680293017626,-0.14879670248862356,0.0,0.0915446524124032,0.0,47686.0,1655530152.0,,,,,
231,527.9716617060825,0.43920437830895187,0.0001,52625,0.0,0.6743061714534462,210472,1.0559433234121651,-0.1482701255652681,0.0,0.09070289908811184,0.0,47841.0,1655530689.0,,,,,
232,,,,52987,,,211554,,,,,,,1655531771.8627858,8.075279038166627e-05,-0.005331770982593298,0.9866694211959839,48160.0,26.1191463470459
233,,,,53119,,,211959,,,,,,,1655532176.933971,0.0002411265450064093,-0.01025414653122425,0.9873670339584351,48280.0,16.62636375427246
234,525.7507040249557,0.43634034886429085,0.00024,53131,0.0,0.6754553458380699,212048,1.0515014080499112,-0.1513273012459837,0.0,0.09103301474688756,0.0,48301.0,1655532265.0,,,,,
235,518.8714010576904,0.424637843602933,0.00028,53155,0.0,0.6764530164712668,212117,1.0377428021153807,-0.15268231268186122,0.0,0.08933425508588715,0.0,48323.0,1655532334.0,,,,,
236,,,,53372,,,212756,,,,,,,1655532973.921568,0.0002411265450064093,-0.010765758343040943,0.9882984161376953,48510.0,15.922075271606445
237,516.6650325629115,0.42362800647601484,0.00016,53376,0.0,0.6733896497309207,212802,1.033330065125823,-0.15071379030898213,0.0,0.08702619914001763,0.0,48524.0,1655533019.0,,,,,
238,527.7562212557159,0.4448578054253384,0.00014,53420,0.0,0.6730749625677616,212931,1.055512442511432,-0.15268462611261754,0.0,0.09026430073492936,0.0,48564.0,1655533148.0,,,,,
239,532.4952569850907,0.4446684671273269,0.00012,53563,0.0,0.6782764295697212,213372,1.0649905139701814,-0.1500822263980098,0.0,0.09212784390010466,0.0,48694.0,1655533589.0,,,,,
240,525.9783367047459,0.43843679291062054,0.00034,53599,0.0,0.6776330294525623,213497,1.0519566734094918,-0.155244258154314,0.0,0.09113110970334654,0.0,48727.0,1655533714.0,,,,,
241,527.530222341828,0.4379946979749948,0.00026,53601,0.0,0.677410889929533,213503,1.055060444683656,-0.15209910322502254,0.0,0.0917539601641157,0.0,48729.0,1655533720.0,,,,,
242,,,,53702,,,213783,,,,,,,1655534000.1027074,0.00020093878265470266,-0.010975093580782413,0.9864647388458252,48810.0,19.985946655273438
243,529.8710958188772,0.4394835482636839,0.00016,53965,0.0,0.6789623414587974,214629,1.0597421916377545,-0.15088715869616717,0.0,0.09218346067870783,0.0,49060.0,1655534846.0,,,,,
244,505.6828583966568,0.41436721690600736,0.0004,54600,0.0,0.6670430865896866,216593,1.0113657167933137,-0.1547902751947567,0.0,0.08474568859877209,0.0,49637.0,1655536810.0,,,,,
245,529.0843379351869,0.4343055337896571,0.00024,55006,0.0,0.6785230439883471,217856,1.0581686758703739,-0.14732312435261904,0.0,0.09266322245813578,0.0,50006.0,1655538073.0,,,,,
246,516.0890717281029,0.4224013591662049,0.00018,55349,0.0,0.6731641716383397,218921,1.0321781434562056,-0.15050407938406804,0.0,0.08711669181214546,0.0,50318.0,1655539138.0,,,,,
247,538.9984260885417,0.4513622710658237,0.00016,55362,0.0,0.679623397052288,218959,1.0779968521770835,-0.14743381261128932,0.0,0.09444499655230272,0.0,50330.0,1655539176.0,,,,,
248,530.5153943436966,0.4359621137105301,0.0002,55636,0.0,0.681184481408596,219796,1.061030788687393,-0.1492781391360797,0.0,0.09316233287406664,0.0,50579.0,1655540013.0,,,,,
249,530.0097189971432,0.44187839292272924,0.00018,55731,0.0,0.6771101365756989,220091,1.0600194379942864,-0.15151599728228524,0.0,0.09254690583423611,0.0,50665.0,1655540308.0,,,,,
250,528.4841616550088,0.43737226932421325,0.00028,56092,0.0,0.6795273167651892,221204,1.0569683233100176,-0.15271349258543923,0.0,0.0927822299469245,0.0,50993.0,1655541421.0,,,,,
251,523.7651862829923,0.4359553510081768,0.00026,56530,0.0,0.67651967878744,222560,1.0475303725659848,-0.1560286302696541,0.0,0.09108397326512294,0.0,51391.0,1655542777.0,,,,,
252,526.5112635071948,0.4332749186216295,0.0002,56730,0.0,0.6802877838683128,223181,1.0530225270143896,-0.15332028292270378,0.0,0.0927801074467062,0.0,51573.0,1655543398.0,,,,,
253,,,,56870,,,223576,,,,,,,1655543793.0668678,0.0002411265450064093,-0.010223877616226673,0.9864624738693237,51690.0,23.228784561157227
254,520.8443057228438,0.4309681931539811,0.00016,57105,0.0,0.6766455600866675,224353,1.0416886114456878,-0.1558166430160962,0.0,0.08989150138289455,0.0,51914.0,1655544570.0,,,,,
255,533.6099875317886,0.44698106445085256,0.0001,57159,0.0,0.6793549867445231,224510,1.0672199750635774,-0.15203336807863788,0.0,0.0929172920674613,0.0,51963.0,1655544727.0,,,,,
256,513.7588169079274,0.42511068018253895,0.00034,57290,0.0,0.6723499889469892,224912,1.0275176338158547,-0.15761274062959477,0.0,0.0876697053810356,0.0,52082.0,1655545129.0,,,,,
257,532.5144720955938,0.44363848934419453,0.0001,57331,0.0,0.6777025388121605,225053,1.0650289441911875,-0.14965490557953715,0.0,0.0933428217848249,0.0,52120.0,1655545270.0,,,,,
258,517.7827741668374,0.4321562342622131,0.0004,57643,0.0,0.6697969352205284,226020,1.0355655483336748,-0.1553934676826559,0.0,0.08900584655469011,0.0,52403.0,1655546237.0,,,,,
259,512.5968705999293,0.4245619648964703,0.00022,57738,0.0,0.6675011121982336,226299,1.0251937411998584,-0.1535570231751725,0.0,0.08668768731546238,0.0,52490.0,1655546516.0,,,,,
260,537.4160553484038,0.4487446675026417,0.00012,57834,0.0,0.6781153042167425,226596,1.0748321106968075,-0.14629343282399698,0.0,0.09426557153540455,0.0,52577.0,1655546813.0,,,,,
261,525.4520787275023,0.4320519217843935,0.00022,58249,0.0,0.6781361192291975,227885,1.0509041574550047,-0.1507999333066307,0.0,0.09151604996998489,0.0,52954.0,1655548102.0,,,,,
262,531.766731069833,0.4438422498083487,0.0001,58959,0.0,0.6786641255068779,230094,1.0635334621396662,-0.1517786436336674,0.0,0.09280573052009888,0.0,53600.0,1655550311.0,,,,,
263,526.6977266863734,0.4306627870035917,0.00022,59316,0.0,0.6807572682994604,231192,1.0533954533727468,-0.15083947632243858,0.0,0.09281487443997907,0.0,53924.0,1655551409.0,,,,,
264,526.0894405582919,0.4326549222369865,0.00026,60110,0.0,0.680093282931447,233641,1.052178881116584,-0.15264076875375585,0.0,0.09207144507561574,0.0,54646.0,1655553858.0,,,,,
265,529.5593951478601,0.43729332323614506,0.00016,60556,0.0,0.6801725600552558,235020,1.0591187902957202,-0.15352213087745012,0.0,0.09517503796470506,0.0,55051.0,1655555237.0,,,,,
266,525.8558282693475,0.43158112180426716,0.00018,60726,0.0,0.6789185025244951,235556,1.051711656538695,-0.1506114160145633,0.0,0.09182344826888592,0.0,55206.0,1655555773.0,,,,,
267,531.157906872183,0.44034251204282043,0.00016,60788,0.0,0.6785862538808585,235736,1.0623158137443662,-0.14933396665697918,0.0,0.09272101459033452,0.0,55262.0,1655555953.0,,,,,
268,525.1005226650461,0.4324675992678106,0.0002,61099,0.0,0.6780361645793915,236703,1.0502010453300923,-0.15217820803692564,0.0,0.09187548950913253,0.0,55545.0,1655556920.0,,,,,
269,,,,61413,,,237641,,,,,,,1655557858.15032,0.0002411265450064093,-0.01012404728680849,0.9853401184082031,55820.0,10.81460952758789
270,538.5060859512538,0.44894923796188085,0.00016,61460,0.0,0.6809129797959328,237810,1.0770121719025076,-0.14878129974165932,0.0,0.09593125415397437,0.0,55873.0,1655558027.0,,,,,
271,543.0598019186407,0.4544270647458732,0.00014,61605,0.0,0.6811170524984598,238271,1.0861196038372816,-0.1457958077458106,0.0,0.09637129460735049,0.0,56005.0,1655558488.0,,,,,
272,542.3580579865724,0.45011295076437297,0.00012,61651,0.0,0.6819788746583462,238406,1.0847161159731449,-0.14447092849317938,0.0,0.09709521892208817,0.0,56047.0,1655558623.0,,,,,
273,524.8456233221292,0.433533206265755,0.00012,61979,0.0,0.6772275660255551,239422,1.0496912466442585,-0.15200320091951638,0.0,0.09093367526525217,0.0,56345.0,1655559639.0,,,,,
274,511.8751072618738,0.4128646130481735,0.00018,62003,0.0,0.6767157727211713,239492,1.0237502145237476,-0.1539489194865711,0.0,0.0881187483086937,0.0,56367.0,1655559709.0,,,,,
275,518.9697135958075,0.42442521758513524,0.00028,62324,0.0,0.6771860089818761,240487,1.0379394271916151,-0.15419206545678898,0.0,0.09052026624547112,0.0,56659.0,1655560704.0,,,,,
276,,,,62766,,,241819,,,,,,,1655562036.2989411,0.00013954081805422902,-0.00810935441404581,0.9845048785209656,57050.0,13.684832572937012
277,539.5906049460917,0.45086701240636406,0.00012,62792,0.0,0.6813292379945517,241928,1.0791812098921836,-0.14953623616611586,0.0,0.09652119613090618,0.0,57084.0,1655562145.0,,,,,
278,,,,62843,,,242063,,,,,,,1655562280.9745855,0.00013954081805422902,-0.010355137288570404,0.9867696762084961,57120.0,10.15630054473877
279,525.1310422666743,0.43560138719100505,0.0002,63138,0.0,0.6742930844563246,242996,1.0502620845333486,-0.1507135414838232,0.0,0.09108115430345384,0.0,57399.0,1655563213.0,,,,,
280,533.9095678016544,0.43894427040526646,0.00014,63473,0.0,0.6809299018663167,244049,1.0678191356033087,-0.14635491061536596,0.0,0.09429987392059172,0.0,57703.0,1655564266.0,,,,,
281,532.5368738055975,0.44224418772716073,0.00012,63642,0.0,0.6787663330054283,244562,1.0650737476111949,-0.14906856479432434,0.0,0.09313179157702796,0.0,57857.0,1655564779.0,,,,,
282,529.3293176890164,0.4414045036958903,0.00012,64347,0.0,0.6780796140486002,246737,1.058658635378033,-0.15194927404988556,0.0,0.09112379189428822,0.0,58498.0,1655566954.0,,,,,
283,542.3536208801717,0.4521476721846685,8e-05,65130,0.0,0.681735201048404,249184,1.0847072417603434,-0.14604073284737765,0.0,0.09686510130021427,0.0,59210.0,1655569401.0,,,,,
284,526.8649669631199,0.431955715919286,0.00022,65163,0.0,0.6806324655270577,249280,1.0537299339262396,-0.15174222109094263,0.0,0.09288397380381823,0.0,59240.0,1655569497.0,,,,,
285,531.4208071222902,0.4403377959161997,0.0001,65686,0.0,0.6809146933090687,250901,1.0628416142445802,-0.15120495890533553,0.0,0.09279408416275037,0.0,59715.0,1655571118.0,,,,,
286,,,,65912,,,251565,,,,,,,1655571782.1077955,0.00020093878265470266,-0.009321792051196098,0.9857863187789917,59910.0,15.125770568847656
287,519.9016861001961,0.4356354172526859,0.00022,66156,0.0,0.6690288490950689,252347,1.039803372200392,-0.1542559087942168,0.0,0.08939501463687526,0.0,60142.0,1655572564.0,,,,,
288,533.2926680271141,0.4463832174386829,0.00026,66993,0.0,0.6771042615503817,254944,1.0665853360542283,-0.151990107611455,0.0,0.09508796455834351,0.0,60903.0,1655575161.0,,,,,
289,546.163833803311,0.4551504709592089,0.00012,67189,0.0,0.6827798706907033,255536,1.092327667606622,-0.14311929472887888,0.0,0.09751662084769633,0.0,61081.0,1655575753.0,,,,,
290,,,,67639,,,256900,,,,,,,1655577117.218106,0.00020093878265470266,-0.010480985045433044,0.9859447479248047,61480.0,8.241061210632324
291,530.6471686510741,0.43996173432510344,0.00014,67785,0.0,0.677238337494731,257398,1.0612943373021484,-0.14850118956670166,0.0,0.09259545527671711,0.0,61623.0,1655577615.0,,,,,
292,532.3553103612363,0.4370498987779766,0.00022,67840,0.0,0.6806790565711259,257558,1.0647106207224726,-0.14681474387831986,0.0,0.09379640920972358,0.0,61673.0,1655577775.0,,,,,
293,544.7714790649712,0.45780725335069,0.00024,68462,0.0,0.6827797714942694,259491,1.0895429581299425,-0.14851609877593816,0.0,0.09747203188301966,0.0,62239.0,1655579708.0,,,,,
294,530.4701496760733,0.438009095216915,0.0001,68649,0.0,0.6796808030825854,260074,1.0609402993521466,-0.14989943354245275,0.0,0.09314983469084352,0.0,62409.0,1655580291.0,,,,,
295,,,,69366,,,262250,,,,,,,1655582467.1286066,4.673194052884355e-05,-0.003874608315527439,0.9842586517333984,63050.0,6.549908638000488
296,539.6284062710777,0.45071023215109485,8e-05,69772,0.0,0.6811722099947929,263549,1.0792568125421553,-0.14836294180905446,0.0,0.09573731239670626,0.0,63430.0,1655583766.0,,,,,
297,524.2140960945561,0.4314142666058242,0.00018,70028,0.0,0.6784928803783655,264333,1.0484281921891123,-0.15279922279432415,0.0,0.09132026838536442,0.0,63662.0,1655584550.0,,,,,
298,537.5999982640892,0.4484493856422976,0.00012,70716,0.0,0.680958321056664,266457,1.0751999965281784,-0.1506858262789063,0.0,0.09647811635085189,0.0,64288.0,1655586674.0,,,,,
299,534.6199848756567,0.44313720622804015,2e-05,71108,0.0,0.6816028773880005,267676,1.0692399697513133,-0.15089966707242652,0.0,0.09539955331223761,0.0,64644.0,1655587893.0,,,,,
300,541.8998413911089,0.45097584847591815,0.0001,71677,0.0,0.6808550911952556,269434,1.0837996827822178,-0.14488939718091862,0.0,0.09685814045025928,0.0,65161.0,1655589651.0,,,,,
301,532.5857827771083,0.4432967939217761,8e-05,72214,0.0,0.6786328849589824,271102,1.0651715655542164,-0.15006852827377617,0.0,0.09331041519708146,0.0,65650.0,1655591319.0,,,,,
302,535.5009162848816,0.44566762799298393,0.00026,72309,0.0,0.6805743694043159,271398,1.071001832569763,-0.15077907596850768,0.0,0.09553891121153824,0.0,65736.0,1655591615.0,,,,,
303,531.5720817808434,0.4424048841012269,0.00012,72695,0.0,0.6788993695315718,272583,1.063144163561687,-0.15153934377567843,0.0,0.09337925362015415,0.0,66087.0,1655592800.0,,,,,
304,536.8294574845954,0.4504534258975461,0.00018,72829,0.0,0.6795679012417793,273012,1.0736589149691909,-0.1522686110618338,0.0,0.0959061989960943,0.0,66209.0,1655593229.0,,,,,
305,545.3927166679129,0.45574181896075605,8e-05,73506,0.0,0.6828630308419465,275102,1.0907854333358258,-0.14580348583746702,0.0,0.09798406953448277,0.0,66824.0,1655595319.0,,,,,
306,539.7186908415705,0.4465327536517754,0.0002,73660,0.0,0.6824230778938531,275570,1.079437381683141,-0.14673198190342635,0.0,0.09721353213305672,0.0,66964.0,1655595787.0,,,,,
307,533.7928048850223,0.4426575911025889,0.00024,73795,0.0,0.6818977440197765,275983,1.0675856097700447,-0.15240577782113104,0.0,0.09543605262197573,0.0,67087.0,1655596200.0,,,,,
308,531.6718580085039,0.4389502096726,0.00016,73834,0.0,0.6802927409291267,276115,1.0633437160170078,-0.15007126615181565,0.0,0.09417203177650452,0.0,67122.0,1655596332.0,,,,,
309,547.4285732285679,0.4598866044234484,0.0001,73972,0.0,0.6831778781178593,276539,1.0948571464571357,-0.14715828121772967,0.0,0.09895094508013783,0.0,67248.0,1655596756.0,,,,,
310,541.1086014503613,0.45281676272816956,0.00018,74183,0.0,0.6807275662320852,277196,1.0822172029007227,-0.14807059453275054,0.0,0.09674346844410946,0.0,67440.0,1655597413.0,,,,,
311,529.4037130172178,0.4392116217693686,0.00018,74500,0.0,0.678331199937826,278181,1.0588074260344356,-0.15194644176062197,0.0,0.09321104622897479,0.0,67728.0,1655598398.0,,,,,
312,532.9082593373209,0.4420743670315295,0.00026,74513,0.0,0.6786828197789192,278219,1.0658165186746418,-0.14888703260879033,0.0,0.09394636436848507,0.0,67740.0,1655598436.0,,,,,
313,527.4930481230654,0.4391967463262379,0.00024,74880,0.0,0.6747595084705948,279344,1.0549860962461308,-0.15127300659058615,0.0,0.09230284802494783,0.0,68073.0,1655599561.0,,,,,
314,538.8367430524901,0.4534855751409754,0.00022,75050,0.0,0.6806823251532018,279879,1.0776734861049801,-0.15287965406592935,0.0,0.09638524015967702,0.0,68228.0,1655600096.0,,,,,
315,541.9518768528476,0.45150686859048905,0.00016,76033,0.0,0.683556402246356,282916,1.0839037537056952,-0.15031337506953626,0.0,0.09915385837055049,0.0,69121.0,1655603133.0,,,,,
316,537.8884546313807,0.44632134123437106,0.00012,76256,0.0,0.6823898116785287,283608,1.0757769092627614,-0.14969001030605286,0.0,0.09675576655860071,0.0,69324.0,1655603825.0,,,,,
317,,,,76549,,,284468,,,,,,,1655604685.8647768,0.00041666667675599456,-0.013480904512107372,0.9842010736465454,69580.0,3.785987377166748
318,545.5031420433894,0.4538001526236534,0.0001,76551,0.0,0.6834870743465423,284507,1.0910062840867787,-0.14493148023094982,0.0,0.09865053770406444,0.0,69592.0,1655604724.0,,,,,
319,538.5824876657128,0.4516780792727508,0.00022,76589,0.0,0.6794736390018463,284640,1.0771649753314256,-0.14940928456410765,0.0,0.09542254163664006,0.0,69627.0,1655604857.0,,,,,
320,541.5133039724082,0.4527645042857155,0.00012,77189,0.0,0.682931260818839,286485,1.0830266079448163,-0.15023160405440256,0.0,0.09756244721327326,0.0,70172.0,1655606702.0,,,,,
321,,,,77858,,,288522,,,,,,,1655608739.2517922,0.0002411265450064093,-0.01112824585288763,0.9852335453033447,70770.0,8.267067909240723
322,531.8744661260769,0.4365543959025666,0.00022,77860,0.0,0.6796810675311089,288560,1.0637489322521538,-0.1462465564504452,0.0,0.09376002514460022,0.0,70782.0,1655608777.0,,,,,
323,,,,78012,,,289012,,,,,,,1655609229.8219352,0.00028935185400769114,-0.00863924715667963,0.9844298362731934,70910.0,9.124733924865723
324,541.5950138503686,0.45258961996827274,0.0001,78094,0.0,0.6810815493795276,289285,1.0831900277007371,-0.14755435373483225,0.0,0.09707321200754118,0.0,70995.0,1655609502.0,,,,,
325,541.0942657417804,0.450411932127811,8e-05,78101,0.0,0.6816451417779923,289325,1.0821885314835609,-0.1473113565320894,0.0,0.0974428142885054,0.0,71001.0,1655609542.0,,,,,
326,535.4761177560315,0.44356971826631575,0.00014,78102,0.0,0.6813691348931193,289328,1.0709522355120629,-0.1505255094397813,0.0,0.09653889176396595,0.0,71002.0,1655609545.0,,,,,
327,540.1746403111144,0.45303254247829317,0.0001,78197,0.0,0.6803733690972626,289607,1.080349280622229,-0.14916905799759553,0.0,0.09611242714559537,0.0,71089.0,1655609824.0,,,,,
328,533.0112040606141,0.446547176281102,8e-05,78854,0.0,0.6769815429526568,291641,1.0660224081212282,-0.15155630955947563,0.0,0.09404999884982568,0.0,71686.0,1655611858.0,,,,,
329,537.4509587301128,0.4471608333009109,0.00016,79110,0.0,0.682610512791872,292451,1.0749019174602255,-0.1511267608368583,0.0,0.09625733199758629,0.0,71919.0,1655612668.0,,,,,
330,548.0383636558056,0.459317901632525,4e-05,79159,0.0,0.6841481530797482,292592,1.0960767273116112,-0.14736314674515277,0.0,0.09997381934241019,0.0,71963.0,1655612809.0,,,,,
331,,,,79519,,,293668,,,,,,,1655613885.1479418,0.00020093878265470266,-0.009895130060613155,0.9833819270133972,72280.0,11.057963371276855
332,537.5894407026097,0.4486526388329826,4e-05,79677,0.0,0.6806150951910019,294200,1.0751788814052194,-0.15012376644747333,0.0,0.09603491350742857,0.0,72434.0,1655614417.0,,,,,
333,545.5902180821448,0.4568092242536694,0.00014,79890,0.0,0.6828062396943569,294861,1.0911804361642896,-0.14727796158950776,0.0,0.09884293380891176,0.0,72628.0,1655615078.0,,,,,
334,547.6014260093867,0.460142469041124,0.00012,80213,0.0,0.6839047579485178,295860,1.0952028520187735,-0.14822626048969104,0.0,0.09938188524958264,0.0,72921.0,1655616077.0,,,,,
335,545.9720280279964,0.4579939764202386,2e-05,80375,0.0,0.6831276519680023,296356,1.0919440560559928,-0.1477602002399415,0.0,0.0985826278984158,0.0,73069.0,1655616573.0,,,,,
336,540.7083998300881,0.45443927317522465,0.0001,80802,0.0,0.6825720865094662,297679,1.081416799660176,-0.1524122940238379,0.0,0.09681773408024724,0.0,73457.0,1655617896.0,,,,,
337,525.367986767888,0.4359616822271049,0.00014,81030,0.0,0.6783717986372113,298381,1.0507359735357762,-0.15670446220090611,0.0,0.09310695503877149,0.0,73664.0,1655618598.0,,,,,
338,541.0227913170307,0.4493817844612896,0.00012,81095,0.0,0.6834770715376735,298590,1.0820455826340616,-0.14911769109299405,0.0,0.09830441767700791,0.0,73723.0,1655618807.0,,,,,
339,,,,81191,,,298858,,,,,,,1655619075.5419433,0.00016744899039622396,-0.009413235820829868,0.9836689829826355,73800.0,6.787622451782227
340,540.6729162360728,0.4492960003114492,6e-05,81273,0.0,0.683205264275074,299132,1.0813458324721457,-0.14902604407886044,0.0,0.09787061205831356,0.0,73885.0,1655619349.0,,,,,
341,544.8336424867064,0.4617200066452473,8e-05,81318,0.0,0.6785003024059534,299283,1.0896672849734128,-0.14899462974697353,0.0,0.09844160593263167,0.0,73926.0,1655619500.0,,,,,
342,540.2418857429177,0.45405612277708945,8e-05,81338,0.0,0.683078498635292,299342,1.0804837714858353,-0.15418068073865027,0.0,0.09752983032217082,0.0,73944.0,1655619559.0,,,,,
343,533.4864363493398,0.4415055357786082,0.00016,81560,0.0,0.6804293876937032,300032,1.0669728726986796,-0.1497707037751656,0.0,0.09480865331452122,0.0,74146.0,1655620249.0,,,,,
344,537.3973968052119,0.4471218866065517,0.00012,81713,0.0,0.681605826484859,300497,1.0747947936104238,-0.1495873316213116,0.0,0.0956544121711217,0.0,74285.0,1655620714.0,,,,,
345,542.4936275904626,0.454327418394126,4e-05,82000,0.0,0.6832859358799458,301392,1.0849872551809252,-0.15065525729898363,0.0,0.09802915848205106,0.0,74546.0,1655621609.0,,,,,
346,537.4652580013126,0.4457706371734105,0.00012,82098,0.0,0.6807962045195699,301697,1.0749305160026252,-0.14775315258432178,0.0,0.0961168273257344,0.0,74635.0,1655621914.0,,,,,
347,550.9658101672306,0.46319056313235313,2e-05,82543,0.0,0.6848438469737769,303076,1.1019316203344613,-0.1470198059440404,0.0,0.10091701647018098,0.0,75040.0,1655623293.0,,,,,
348,548.6198053401708,0.46444551932901146,0.00018,82562,0.0,0.6839523922792077,303131,1.0972396106803417,-0.15100647803882136,0.0,0.09984817718867109,0.0,75057.0,1655623348.0,,,,,
349,542.362690275386,0.45208684968428686,0.00014,82890,0.0,0.6826123291367292,304145,1.084725380550772,-0.14747981102503835,0.0,0.09750601266229834,0.0,75355.0,1655624362.0,,,,,
350,538.7308119414001,0.44663350971728566,0.00014,83032,0.0,0.6828456694686413,304577,1.0774616238828003,-0.14908769662609325,0.0,0.09707014139605981,0.0,75484.0,1655624794.0,,,,,
351,541.0343045692146,0.4532284169179201,2e-05,83155,0.0,0.6824064279204607,304954,1.082068609138429,-0.15114216989533977,0.0,0.09757593461674977,0.0,75596.0,1655625171.0,,,,,
352,536.249973163344,0.4456328840685263,0.00012,83587,0.0,0.6818442256742716,306294,1.072499946326688,-0.15069027967233212,0.0,0.09571311611235431,0.0,75989.0,1655626511.0,,,,,
353,537.3476313662156,0.44912028946354987,0.00012,83746,0.0,0.681230478348136,306793,1.0746952627324313,-0.15055004276305436,0.0,0.09489453791109932,0.0,76133.0,1655627010.0,,,,,
354,540.5775299054384,0.45090306305631994,0.00012,83774,0.0,0.6823546468448639,306876,1.0811550598108768,-0.14995983446543104,0.0,0.09785718416820881,0.0,76159.0,1655627093.0,,,,,
355,,,,84051,,,307707,,,,,,,1655627924.3926234,0.00011628401989582926,-0.007992726750671864,0.9826080203056335,76400.0,12.572789192199707
356,539.3977220347896,0.45035092692706735,8e-05,84231,0.0,0.68135699672997,308283,1.0787954440695793,-0.1503863892344199,0.0,0.0974739097207204,0.0,76574.0,1655628500.0,,,,,
357,545.3572693309188,0.4563686529123411,0.0001,84245,0.0,0.6830111368608475,308325,1.0907145386618375,-0.147486653221827,0.0,0.09882140207444208,0.0,76587.0,1655628542.0,,,,,
358,538.0014622205496,0.44777034186709674,4e-05,84896,0.0,0.6823463349151612,310341,1.0760029244410991,-0.1508053144662641,0.0,0.09669156218709271,0.0,77179.0,1655630558.0,,,,,
359,541.1175929608569,0.44871396531712265,0.00014,85270,0.0,0.6826663896733522,311511,1.0822351859217136,-0.14698158658914268,0.0,0.09783641772594354,0.0,77519.0,1655631728.0,,,,,
360,534.6579293209314,0.4446778271777928,6e-05,85469,0.0,0.6820320884424448,312129,1.069315858641863,-0.1532447854084894,0.0,0.09585072885251592,0.0,77700.0,1655632346.0,,,,,
361,538.5995839942619,0.4499122237243876,0.00012,85674,0.0,0.6802490375041962,312745,1.0771991679885238,-0.1491414242862165,0.0,0.09617933138960544,0.0,77886.0,1655632962.0,,,,,
362,,,,85921,,,313488,,,,,,,1655633705.9742477,0.0002411265450064093,-0.010921142064034939,0.9824756383895874,78100.0,7.453875541687012
363,548.2999858330563,0.4613037854379788,0.00012,86098,0.0,0.6840306675463915,314055,1.0965999716661126,-0.1480347504801117,0.0,0.09930026929230619,0.0,78271.0,1655634272.0,,,,,
364,544.2641073696316,0.45338210561852904,0.00014,86150,0.0,0.6840521955162286,314228,1.088528214739263,-0.14686337941261007,0.0,0.09795729342567146,0.0,78319.0,1655634445.0,,,,,
365,543.3734906547144,0.4522858218469098,0.0001,86230,0.0,0.6838436185991764,314457,1.0867469813094288,-0.1482575800314173,0.0,0.09887512095978541,0.0,78391.0,1655634674.0,,,,,
366,541.5149009789526,0.45391158609852195,4e-05,86316,0.0,0.6821769217550755,314729,1.0830298019579052,-0.14968897974029183,0.0,0.09663027369006537,0.0,78470.0,1655634946.0,,,,,
367,541.2500111294165,0.45276092940680684,0.00012,86870,0.0,0.6819111999785901,316446,1.082500022258833,-0.14931066700927914,0.0,0.09713856005706442,0.0,78973.0,1655636663.0,,,,,
368,533.6368239563703,0.44185864653928203,0.0002,87180,0.0,0.6820548896121978,317411,1.0672736479127407,-0.15289344099730254,0.0,0.0962535528890071,0.0,79255.0,1655637628.0,,,,,
369,540.5158428841085,0.4530672279362753,0.0001,87716,0.0,0.6825039821118116,319071,1.081031685768217,-0.15087394132224843,0.0,0.09633441732918785,0.0,79742.0,1655639288.0,,,,,
370,,,,87945,,,319748,,,,,,,1655639965.807089,0.00011628401989582926,-0.0071144928224384785,0.9824872016906738,79940.0,8.216413497924805
371,542.514985236749,0.45332048348594456,4e-05,88356,0.0,0.683131626367569,321061,1.085029970473498,-0.14958918358927592,0.0,0.09816704424827147,0.0,80324.0,1655641278.0,,,,,
372,549.3131075833738,0.459555552626662,0.0001,88360,0.0,0.6854772133773566,321074,1.0986262151667476,-0.14745327380327508,0.0,0.10104672308829148,0.0,80328.0,1655641291.0,,,,,
373,535.2274355664476,0.44579972330629825,0.00014,88404,0.0,0.6814694247323274,321202,1.0704548711328954,-0.15275775751173495,0.0,0.09594348064401614,0.0,80368.0,1655641419.0,,,,,
374,542.7956002305821,0.45346421243332324,0.00014,88921,0.0,0.6821451454460621,322809,1.085591200461164,-0.1474956916444935,0.0,0.09747753446883023,0.0,80838.0,1655643026.0,,,,,
375,545.5179619740695,0.44912892461694776,8e-05,90616,0.0,0.6842111213043333,328040,1.0910359239481389,-0.14332936358831821,0.0,0.10102524171348208,0.0,82379.0,1655648257.0,,,,,
376,535.700238508135,0.442377195956707,2e-05,90692,0.0,0.6811677866268158,328283,1.0714004770162702,-0.14771149601241573,0.0,0.09556699070303577,0.0,82448.0,1655648500.0,,,,,
377,542.1002739600838,0.45138712810456755,4e-05,91596,0.0,0.6827984346723557,331083,1.0842005479201675,-0.14799310268705712,0.0,0.09800808807061483,0.0,83270.0,1655651300.0,,,,,
378,544.4602929798514,0.4608508236294053,0.00012,92237,0.0,0.6807722988077998,333062,1.0889205859597026,-0.1477785907842638,0.0,0.09507605465057763,0.0,83852.0,1655653279.0,,,,,
379,546.3695400297642,0.4586470370030031,6e-05,92633,0.0,0.6835786547660828,334295,1.0927390800595282,-0.14881078873828055,0.0,0.0993241768421769,0.0,84212.0,1655654512.0,,,,,
380,551.0384328319877,0.4621275940750167,2e-05,92718,0.0,0.686032084363699,334544,1.1020768656639754,-0.14887762909336016,0.0,0.10279481647898792,0.0,84290.0,1655654761.0,,,,,
381,546.516504459381,0.4565575412314385,8e-05,93198,0.0,0.6842536717891693,336040,1.0930330089187623,-0.1469706688975729,0.0,0.0991924650639786,0.0,84726.0,1655656257.0,,,,,
382,548.057657898739,0.45982113809010944,0.0001,93407,0.0,0.6845826895028353,336690,1.096115315797478,-0.14867154411083086,0.0,0.10038303227787518,0.0,84916.0,1655656907.0,,,,,
383,547.8174913080782,0.463806843858175,8e-05,93475,0.0,0.681472984508276,336888,1.0956349826161564,-0.14918561297394337,0.0,0.099540767191989,0.0,84978.0,1655657105.0,,,,,
384,547.1809428053349,0.4608270663588494,0.00012,93792,0.0,0.682203808131218,337868,1.0943618856106698,-0.14876931619962677,0.0,0.10010032745138937,0.0,85266.0,1655658085.0,,,,,
385,549.3459769545495,0.46238692819885907,0.0001,94216,0.0,0.6844622389912606,339175,1.0986919539090991,-0.1487586182251014,0.0,0.1006014049550696,0.0,85651.0,1655659392.0,,,,,
386,538.3420034795627,0.44927764468131587,6e-05,94595,0.0,0.6801021216487885,340337,1.0766840069591255,-0.15008100838826968,0.0,0.0973852494119115,0.0,85996.0,1655660554.0,,,,,
387,550.3942809203268,0.4616124298698455,6e-05,94899,0.0,0.6854709135347605,341281,1.1007885618406534,-0.1489091794385761,0.0,0.10261439804840324,0.0,86272.0,1655661498.0,,,,,
388,554.0180022696778,0.46580111019082365,0.00018,96137,0.0,0.685889049474597,345118,1.1080360045393556,-0.14655387440700085,0.0,0.10289971946446938,0.0,87398.0,1655665335.0,,,,,
389,557.6766694346443,0.46955972211576996,2e-05,96396,0.0,0.6859067783339322,345930,1.1153533388692887,-0.14393185645131396,0.0,0.1038186951075595,0.0,87633.0,1655666147.0,,,,,
390,548.1121274985001,0.45762439546108247,8e-05,96776,0.0,0.6855784346818924,347096,1.096224254997,-0.14883024632370098,0.0,0.10185167087118355,0.0,87979.0,1655667313.0,,,,,
391,547.5487556057795,0.45776603679094463,8e-05,97054,0.0,0.684515710015893,347962,1.095097511211559,-0.1470230428386666,0.0,0.09983880724843112,0.0,88231.0,1655668179.0,,,,,
392,550.6518663808704,0.46019741109047085,0.0001,97283,0.0,0.6856441032862663,348671,1.1013037327617408,-0.14623155256344006,0.0,0.10169377125848492,0.0,88440.0,1655668888.0,,,,,
393,547.1174686215073,0.4605307694346085,6e-05,97365,0.0,0.6837539803570509,348927,1.0942349372430147,-0.14918994767270982,0.0,0.09914013509998207,0.0,88514.0,1655669144.0,,,,,
394,546.1953457447514,0.4590338146860898,2e-05,97407,0.0,0.6841035159349441,349049,1.0923906914895027,-0.15053068450415508,0.0,0.09978404544975478,0.0,88552.0,1655669266.0,,,,,
395,552.2043189771473,0.46522179262895136,6e-05,98072,0.0,0.685167000477314,351104,1.1044086379542948,-0.14759523550009354,0.0,0.10161508014329786,0.0,89157.0,1655671321.0,,,,,
396,542.1370666852594,0.45310987067017705,8e-05,98720,0.0,0.6834572231681645,353112,1.0842741333705186,-0.1514806294068694,0.0,0.09918766893623428,0.0,89746.0,1655673329.0,,,,,
397,551.4442891955562,0.4606386982107535,0.00014,99228,0.0,0.686086109983921,354693,1.1028885783911124,-0.1464742870972119,0.0,0.10263805740564647,0.0,90208.0,1655674910.0,,,,,
398,550.7886191477999,0.4646526081244834,0.00014,99306,0.0,0.6841651984244586,354920,1.1015772382955997,-0.148443071929086,0.0,0.10120250363025939,0.0,90279.0,1655675137.0,,,,,
399,555.6286646331474,0.4678633272213861,0.00012,99498,0.0,0.6858248892346025,355516,1.1112573292662948,-0.14522466371145099,0.0,0.10279377644807981,0.0,90453.0,1655675733.0,,,,,
400,545.4638821337744,0.4573631865083426,6e-05,99738,0.0,0.6834009005129338,356253,1.090927764267549,-0.14970549251014367,0.0,0.09986917025301548,0.0,90671.0,1655676470.0,,,,,
401,553.0070089866966,0.46323566709170116,0.00016,99784,0.0,0.6855916081702709,356407,1.1060140179733933,-0.14538152106540278,0.0,0.10256826401999417,0.0,90713.0,1655676624.0,,,,,
402,553.8703466778993,0.46710256928414107,8e-05,99830,0.0,0.6852022883599996,356540,1.1077406933557987,-0.1467115136411786,0.0,0.10214734965049457,0.0,90755.0,1655676757.0,,,,,
403,541.4683707078918,0.45045889473821965,8e-05,100140,0.0,0.6837049698877334,357501,1.0829367414157838,-0.15005933399386703,0.0,0.09883221097391647,0.0,91037.0,1655677718.0,,,,,
404,554.4161087806523,0.4659581478466839,0.0,100143,0.0,0.6855333788996935,357511,1.1088322175613046,-0.14510859731435777,0.0,0.10244928844437629,0.0,91040.0,1655677728.0,,,,,
405,547.5772978509403,0.4583423439332098,0.0002,100163,0.0,0.6853568637079,357568,1.0951545957018807,-0.1490521729831025,0.0,0.10050756125542509,0.0,91058.0,1655677785.0,,,,,
406,532.4133525269851,0.4387530002049543,0.00018,100657,0.0,0.6812211822247505,359106,1.0648267050539701,-0.1506255577291362,0.0,0.09547808058063297,0.0,91507.0,1655679323.0,,,,,
407,551.3953952982836,0.4617821177155897,0.00012,100926,0.0,0.6852942545855045,359930,1.102790790596567,-0.14606366378501057,0.0,0.10177808229239771,0.0,91751.0,1655680147.0,,,,,
408,540.7105950385333,0.4545359253856912,4e-05,101300,0.0,0.6820292709547281,361084,1.0814211900770665,-0.15266436543380843,0.0,0.09752035938034379,0.0,92091.0,1655681301.0,,,,,
409,552.8402154837548,0.4649535083616525,0.00012,101612,0.0,0.6849282591080665,362053,1.1056804309675097,-0.14623905217418448,0.0,0.10203771634293429,0.0,92375.0,1655682270.0,,,,,
410,548.3136594254523,0.45739082726743074,0.0001,102239,0.0,0.6844786519914865,363997,1.0966273188509048,-0.1461861175933853,0.0,0.10094395732810427,0.0,92945.0,1655684214.0,,,,,
411,548.3831543339044,0.46054798096161337,6e-05,102286,0.0,0.682347531208992,364136,1.0967663086678088,-0.14564192652114666,0.0,0.09951272338552769,0.0,92988.0,1655684353.0,,,,,
412,546.3692936974019,0.4578116030853987,0.0001,103057,0.0,0.6831629824608564,366519,1.0927385873948037,-0.14889236391283572,0.0,0.10065636579208906,0.0,93689.0,1655686736.0,,,,,
413,543.5370553698763,0.45346949769861994,0.00016,103107,0.0,0.6848269445937872,366684,1.0870741107397526,-0.1509703059051931,0.0,0.09974797454931555,0.0,93734.0,1655686901.0,,,,,
414,547.3754673300683,0.4601442522875965,4e-05,103140,0.0,0.6843305339890718,366780,1.0947509346601367,-0.15072136092647911,0.0,0.10099750947712419,0.0,93764.0,1655686997.0,,,,,
415,548.8099108418078,0.45585870584141464,8e-05,103552,0.0,0.6856616774642468,368063,1.0976198216836155,-0.14603600835988298,0.0,0.10213544662857306,0.0,94139.0,1655688280.0,,,,,
416,,,,103774,,,368718,,,,,,,1655688935.8370807,9.690334991319105e-05,-0.00822665449231863,0.9812952876091003,94330.0,8.796761512756348
417,546.5770282278582,0.45856964883390816,6e-05,104422,0.0,0.6835512847524882,370758,1.0931540564557165,-0.14928621973618866,0.0,0.10031934288108355,0.0,94930.0,1655690975.0,,,,,
418,537.4446990402788,0.4510565827990323,0.0001,104628,0.0,0.6789688797283172,371394,1.0748893980805576,-0.1515468187167868,0.0,0.09641075428600318,0.0,95117.0,1655691611.0,,,,,
419,545.5342975918576,0.4577435768967122,0.0001,104767,0.0,0.6830536440563202,371820,1.0910685951837151,-0.14925823336727917,0.0,0.09952960749234582,0.0,95243.0,1655692037.0,,,,,
420,539.3881446832046,0.45538992341697215,0.0003,105362,0.0,0.6812328129195422,373652,1.0787762893664092,-0.1556805216302164,0.0,0.09783407474321601,0.0,95784.0,1655693869.0,,,,,
421,536.3866215038299,0.4489518497587368,0.00014,105532,0.0,0.681207357967794,374189,1.07277324300766,-0.1535219140945468,0.0,0.09613594938055663,0.0,95939.0,1655694406.0,,,,,
422,543.938304689899,0.46315295825276526,0.00044,105626,0.0,0.6773027549569139,374480,1.0878766093797982,-0.15402326927300541,0.0,0.10144416569509628,0.0,96024.0,1655694697.0,,,,,
423,551.2868883335963,0.4628139731125161,0.0001,105796,0.0,0.6849621339055896,374997,1.1025737766671926,-0.14754021756203844,0.0,0.10233788719435145,0.0,96179.0,1655695214.0,,,,,
424,536.3442261974141,0.44458278503745796,8e-05,105907,0.0,0.6830194533479214,375341,1.0726884523948281,-0.15255126261267812,0.0,0.09763747674499902,0.0,96280.0,1655695558.0,,,,,
425,550.9884090550617,0.46622487232062965,0.00012,105962,0.0,0.6832451297064126,375520,1.1019768181101233,-0.149602637491934,0.0,0.10210945355906016,0.0,96330.0,1655695737.0,,,,,
426,555.4432248574122,0.46516243802737445,0.00012,105970,0.0,0.6859896337920427,375542,1.1108864497148245,-0.14301052791971713,0.0,0.10274490611849825,0.0,96337.0,1655695759.0,,,,,
427,550.2688358637319,0.4594404741983116,0.00026,106500,0.0,0.6846358211272955,377189,1.1005376717274635,-0.14456311989552342,0.0,0.10102449640779844,0.0,96819.0,1655697406.0,,,,,
428,550.379069961831,0.4599173175183311,8e-05,106504,0.0,0.6850851131027937,377198,1.100758139923662,-0.14499863502778113,0.0,0.10075434464999852,0.0,96822.0,1655697415.0,,,,,
429,538.3726644048468,0.44763279122043403,0.00014,107014,0.0,0.6830831235427409,378766,1.0767453288096935,-0.15190206584917382,0.0,0.09793147998965401,0.0,97286.0,1655698983.0,,,,,
430,550.5556551738829,0.45826563687182964,4e-05,107035,0.0,0.6854187994199992,378847,1.1011113103477657,-0.1442241825645417,0.0,0.10165105670580582,0.0,97305.0,1655699064.0,,,,,
431,542.5429491021856,0.45214171832766387,0.00014,107072,0.0,0.6843766501861811,378957,1.0850858982043714,-0.15100801631732844,0.0,0.09957554636676563,0.0,97339.0,1655699174.0,,,,,
432,547.7759793714806,0.45600539676867424,0.00014,107098,0.0,0.6852386513000727,379030,1.0955519587429612,-0.14672309550127013,0.0,0.10103100614847889,0.0,97362.0,1655699247.0,,,,,
433,,,,107437,,,380042,,,,,,,1655700259.8311887,0.00020093878265470266,-0.008038016967475414,0.9827288389205933,97660.0,10.630532264709473
434,543.559911551848,0.4541726456055045,0.00014,107944,0.0,0.6842226278787852,381650,1.087119823103696,-0.1505336691480875,0.0,0.09925821869223997,0.0,98131.0,1655701867.0,,,,,
435,553.4937003630399,0.46679764259800316,0.0001,108467,0.0,0.6848926753902436,383274,1.10698740072608,-0.1467823255792074,0.0,0.10207940804562997,0.0,98607.0,1655703491.0,,,,,
436,546.7280407649652,0.45881716584745796,0.00012,108549,0.0,0.6855965050822497,383510,1.0934560815299301,-0.15297164436491206,0.0,0.10201405526766087,0.0,98681.0,1655703727.0,,,,,
437,546.099895704016,0.457234189154543,0.00012,108744,0.0,0.6837278638333082,384118,1.0921997914080321,-0.1490994046362862,0.0,0.1003371431913519,0.0,98859.0,1655704335.0,,,,,
438,555.7749123673887,0.4682173882493004,0.0001,108853,0.0,0.6859415238595009,384455,1.1115498247347773,-0.14545972193187104,0.0,0.1028506348408712,0.0,98958.0,1655704672.0,,,,,
439,550.8400518015773,0.4650679287024587,2e-05,109500,0.0,0.6838697610473633,386456,1.1016801036031545,-0.1484771639646776,0.0,0.10121957782570339,0.0,99546.0,1655706673.0,,,,,
440,553.404449341409,0.4658604253159091,6e-05,109509,0.0,0.6846532095348835,386481,1.1068088986828177,-0.14640608456501739,0.0,0.10270134851121605,0.0,99554.0,1655706698.0,,,,,
441,554.1984905195236,0.4693200736954436,4e-05,110383,0.0,0.6848364468002319,389192,1.1083969810390473,-0.14721042054919525,0.0,0.10145088103991855,0.0,100349.0,1655709409.0,,,,,
442,552.6001971804723,0.46144447309844194,4e-05,110520,0.0,0.6860908351516724,389610,1.1052003943609445,-0.1458735608865507,0.0,0.10353864691947247,0.0,100473.0,1655709827.0,,,,,
443,559.0849777255394,0.47408963902386836,6e-05,110666,0.0,0.6851774990355969,390076,1.1181699554510787,-0.14348930863359943,0.0,0.10239212573337426,0.0,100606.0,1655710293.0,,,,,
444,544.232958047241,0.45931011206530037,0.0001,110931,0.0,0.6811601541626453,390886,1.0884659160944818,-0.15066674571732058,0.0,0.09866239570087076,0.0,100847.0,1655711103.0,,,,,
445,554.3895064335317,0.46609588677741587,4e-05,111271,0.0,0.6851264393009373,391933,1.1087790128670634,-0.14611223295377568,0.0,0.10366892004078554,0.0,101156.0,1655712150.0,,,,,
446,571.5231715674325,0.489140842660591,4e-05,111347,0.0,0.6881727996152639,392172,1.1430463431348652,-0.14327421269323676,0.0,0.109006913556591,0.0,101225.0,1655712389.0,,,,,
447,549.5977025386319,0.4601096375541389,6e-05,111954,0.0,0.6855120172387361,394038,1.0991954050772637,-0.14869345121776686,0.0,0.10226720141702593,0.0,101777.0,1655714255.0,,,,,
448,560.3150847072527,0.477973588706851,2e-05,112190,0.0,0.6868801448887587,394768,1.1206301694145053,-0.1491628343905881,0.0,0.10493927027807158,0.0,101991.0,1655714985.0,,,,,
449,555.0088461240381,0.4689108770122752,4e-05,112305,0.0,0.6863287426912784,395124,1.1100176922480762,-0.1489661437267065,0.0,0.10374421636164435,0.0,102096.0,1655715341.0,,,,,
450,555.3544967207686,0.4667465873802826,8e-05,112465,0.0,0.686872680721879,395633,1.110708993441537,-0.14741093507265673,0.0,0.10450066040853688,0.0,102241.0,1655715850.0,,,,,
451,,,,112640,,,396132,,,,,,,1655716349.448575,5.1597802666947246e-05,-0.008607564494013786,0.9781610369682312,102390.0,2.517151117324829
452,560.2176269360632,0.4743268579672649,2e-05,113233,0.0,0.6870651745939255,398011,1.1204352538721263,-0.14633346581704915,0.0,0.1053766869271937,0.0,102940.0,1655718228.0,,,,,
453,,,,113410,,,398512,,,,,,,1655718729.2530928,5.1597802666947246e-05,-0.00590530363842845,0.9776079058647156,103090.0,8.330390930175781
454,553.8014336105808,0.4668384952336177,6e-05,113607,0.0,0.6860484384782612,399159,1.1076028672211617,-0.14955717388700693,0.0,0.10427310741966117,0.0,103280.0,1655719376.0,,,,,
455,,,,113993,,,400327,,,,,,,1655720544.5668333,5.1597802666947246e-05,-0.004481566604226828,0.9773017764091492,103620.0,9.697367668151855
456,556.4699447480589,0.47106354495294395,0.0,114417,0.0,0.685811205612421,401678,1.1129398894961178,-0.14801573387425393,0.0,0.10408087311280018,0.0,104016.0,1655721895.0,,,,,
457,556.3241544054449,0.4689766704913974,4e-05,114438,0.0,0.6861126553833484,401738,1.1126483088108898,-0.14647502494549378,0.0,0.10403400807843703,0.0,104035.0,1655721955.0,,,,,
458,558.5804357272759,0.4725943743613362,0.0,114463,0.0,0.6861560411587357,401812,1.1171608714545518,-0.14559886769516395,0.0,0.1040093236860648,0.0,104058.0,1655722029.0,,,,,
459,555.8860031437501,0.4684690084024705,0.0001,114740,0.0,0.6860043306523561,402677,1.1117720062875003,-0.14732195956688374,0.0,0.10462062667888417,0.0,104310.0,1655722894.0,,,,,
460,545.7846709227562,0.4555158114863187,6e-05,115072,0.0,0.6848443538099528,403702,1.0915693418455124,-0.1502025661011599,0.0,0.10141174263110271,0.0,104611.0,1655723919.0,,,,,
461,566.2509019867331,0.48267653031069785,4e-05,115332,0.0,0.6876969345635175,404501,1.1325018039734662,-0.1453263173186779,0.0,0.10745465704396932,0.0,104848.0,1655724718.0,,,,,
462,564.3913811258972,0.4798255566549301,4e-05,115349,0.0,0.6875100499290228,404548,1.1287827622517943,-0.1450192907997407,0.0,0.106466446678254,0.0,104863.0,1655724765.0,,,,,
463,565.0860532411933,0.47971524247661235,0.0,115494,0.0,0.6873865830039978,404989,1.1301721064823866,-0.14350259190447628,0.0,0.1065728730564818,0.0,104995.0,1655725206.0,,,,,
464,558.6609216412902,0.47105323955904693,4e-05,115648,0.0,0.6869950534421205,405476,1.1173218432825804,-0.14599754507884383,0.0,0.10527109569898559,0.0,105135.0,1655725693.0,,,,,
465,560.5808836774528,0.4753419883581251,8e-05,116954,0.0,0.6864776711690426,409510,1.1211617673549057,-0.14648066473621876,0.0,0.10582277255892829,0.0,106322.0,1655729727.0,,,,,
466,561.8327477194741,0.4779319499731809,0.0,117258,0.0,0.6870862006658316,410438,1.1236654954389482,-0.14734377822205424,0.0,0.10599112317594009,0.0,106599.0,1655730655.0,,,,,
467,567.5825432607531,0.4833193789351359,2e-05,117341,0.0,0.688259945576787,410700,1.1351650865215064,-0.14380979059617965,0.0,0.10739555261633278,0.0,106674.0,1655730917.0,,,,,
468,559.2820159684867,0.47006438897486774,4e-05,118116,0.0,0.6868610810542106,413101,1.1185640319369734,-0.14366730425355026,0.0,0.10530586612986921,0.0,107379.0,1655733318.0,,,,,
469,553.5883010166883,0.4681632372677326,6e-05,118392,0.0,0.6862925950026512,413962,1.1071766020333766,-0.15092186993097886,0.0,0.10364263950326742,0.0,107630.0,1655734179.0,,,,,
470,557.5862675457448,0.46855632094457744,6e-05,118926,0.0,0.6877251783001422,415610,1.1151725350914896,-0.14699736982561648,0.0,0.10588840604211552,0.0,108115.0,1655735827.0,,,,,
471,557.5103761168942,0.4706310481669754,8e-05,119176,0.0,0.687398442184329,416375,1.1150207522337883,-0.14880225802617147,0.0,0.10579351995757028,0.0,108342.0,1655736592.0,,,,,
472,569.0575100930035,0.48480739374601284,4e-05,119355,0.0,0.6880577147465944,416936,1.138115020186007,-0.14362674241319298,0.0,0.10887665429115412,0.0,108505.0,1655737153.0,,,,,
473,566.8162018597499,0.4816557097252831,6e-05,119861,0.0,0.6874089258986712,418486,1.1336324037194998,-0.14279300844177603,0.0,0.1073607768531295,0.0,108965.0,1655738703.0,,,,,
474,559.2605778258294,0.47121359686993064,0.0,120323,0.0,0.6869820567423105,419913,1.1185211556516588,-0.14560665892235003,0.0,0.10593216127851061,0.0,109385.0,1655740130.0,,,,,
475,557.1101522674412,0.47003587378907946,2e-05,121167,0.0,0.6864695280116796,422523,1.1142203045348824,-0.14694566689627245,0.0,0.10466056987455948,0.0,110152.0,1655742740.0,,,,,
476,557.5553965574503,0.47042783901669083,8e-05,122080,0.0,0.686857745385766,425338,1.1151107931149007,-0.1476609972753562,0.0,0.10548620623100832,0.0,110982.0,1655745555.0,,,,,
477,553.4588863014802,0.4661049435851723,2e-05,122234,0.0,0.6858038137227297,425824,1.1069177726029604,-0.14930031212434172,0.0,0.10430932761560438,0.0,111122.0,1655746041.0,,,,,
478,,,,122826,,,427616,,,,,,,1655747833.9483428,3.583180659916252e-05,-0.006570480298250914,0.9765181541442871,111650.0,3.2393083572387695
479,549.73301781483,0.45844899931162597,4e-05,122920,0.0,0.6862881881821156,427944,1.09946603562966,-0.1487717573678121,0.0,0.10350060548446836,0.0,111746.0,1655748161.0,,,,,
480,565.0207262147964,0.48042863863985985,4e-05,123595,0.0,0.6886198609411717,430029,1.1300414524295925,-0.1466157599030249,0.0,0.10760871296922501,0.0,112360.0,1655750246.0,,,,,
481,555.7358827694505,0.46904142598614096,4e-05,123963,0.0,0.6863446073645353,431155,1.111471765538901,-0.14862611994316802,0.0,0.10471185212976424,0.0,112694.0,1655751372.0,,,,,
482,562.6703229757026,0.4754920835119486,4e-05,124015,0.0,0.6881136060446501,431326,1.1253406459514053,-0.14480399292476476,0.0,0.10653894928859772,0.0,112741.0,1655751543.0,,,,,
483,562.5973518887348,0.4765399503675476,0.0001,124310,0.0,0.6880309892849996,432247,1.1251947037774697,-0.14634653656544164,0.0,0.1069703006302481,0.0,113010.0,1655752464.0,,,,,
484,554.9362240147591,0.46644024095233527,6e-05,124510,0.0,0.6864988239777088,432844,1.1098724480295181,-0.1479394113710709,0.0,0.10487279414239169,0.0,113191.0,1655753061.0,,,,,
485,556.2021928727254,0.4680015963641554,8e-05,124521,0.0,0.6866975719669461,432896,1.1124043857454509,-0.14800173665337266,0.0,0.10570695420142383,0.0,113201.0,1655753113.0,,,,,
486,559.8400699619949,0.4697191113066673,4e-05,124656,0.0,0.6875250703966618,433310,1.1196801399239897,-0.14387278049066662,0.0,0.10630873887332598,0.0,113324.0,1655753527.0,,,,,
487,560.7851335389167,0.4720545749152824,2e-05,125104,0.0,0.6874504247301817,434690,1.1215702670778334,-0.14459196694506332,0.0,0.10665723454189399,0.0,113731.0,1655754907.0,,,,,
488,564.6820919021964,0.47710894006237387,2e-05,125145,0.0,0.6875538563597947,434812,1.1293641838043929,-0.14238167493671178,0.0,0.1070830624055795,0.0,113769.0,1655755029.0,,,,,
489,558.6481414896622,0.4709951058718748,0.00012,125405,0.0,0.6867498304390908,435627,1.1172962829793245,-0.14607366378265432,0.0,0.10562501032369453,0.0,114005.0,1655755844.0,,,,,
490,556.7641829216852,0.472754414573703,0.00012,125711,0.0,0.6855909654828906,436557,1.1135283658433706,-0.14937916460005565,0.0,0.10456215063847707,0.0,114283.0,1655756774.0,,,,,
491,571.889472414665,0.48765448219679297,0.0,125722,0.0,0.6890353556311131,436589,1.1437789448293298,-0.14223974303323775,0.0,0.1093288500073379,0.0,114293.0,1655756806.0,,,,,
492,569.5428748163954,0.48438193367216736,2e-05,125870,0.0,0.689003058860898,437060,1.1390857496327906,-0.14353106220196932,0.0,0.1092318190682902,0.0,114428.0,1655757277.0,,,,,
493,559.1002595778182,0.47297115004699675,8e-05,126629,0.0,0.6876069584512711,439401,1.1182005191556363,-0.1482975852491241,0.0,0.10591999603420826,0.0,115118.0,1655759618.0,,,,,
